[
  {
    "model": "document.group",
    "pk": 1,
    "fields": {
      "name": "기본그룹",
      "manager": []
    }
  },
  {
    "model": "document.board",
    "pk": 1,
    "fields": {
      "group": 1,
      "name": "공지사항 게시판",
      "order": 1,
      "search_able": true,
      "manager": []
    }
  },
  {
    "model": "document.board",
    "pk": 2,
    "fields": {
      "group": 1,
      "name": "일반문서 게시판",
      "order": 2,
      "search_able": true,
      "manager": []
    }
  },
  {
    "model": "document.board",
    "pk": 3,
    "fields": {
      "group": 1,
      "name": "소송기록 게시판",
      "order": 3,
      "search_able": true,
      "manager": []
    }
  },
  {
    "model": "document.category",
    "pk": 1,
    "fields": {
      "board": 2,
      "name": "발송공문",
      "parent": null,
      "order": 1
    }
  },
  {
    "model": "document.category",
    "pk": 2,
    "fields": {
      "board": 2,
      "name": "수신공문",
      "parent": null,
      "order": 2
    }
  },
  {
    "model": "document.category",
    "pk": 3,
    "fields": {
      "board": 2,
      "name": "결재/회의/보고서",
      "parent": null,
      "order": 3
    }
  },
  {
    "model": "document.category",
    "pk": 4,
    "fields": {
      "board": 2,
      "name": "계약서/협약서",
      "parent": null,
      "order": 4
    }
  },
  {
    "model": "document.category",
    "pk": 5,
    "fields": {
      "board": 2,
      "name": "고시/공고",
      "parent": null,
      "order": 5
    }
  },
  {
    "model": "document.category",
    "pk": 6,
    "fields": {
      "board": 2,
      "name": "내규/서식",
      "parent": null,
      "order": 6
    }
  },
  {
    "model": "document.category",
    "pk": 7,
    "fields": {
      "board": 2,
      "name": "기타",
      "parent": null,
      "order": 7
    }
  },
  {
    "model": "document.category",
    "pk": 8,
    "fields": {
      "board": 3,
      "name": "소장/신청서",
      "parent": null,
      "order": 1
    }
  },
  {
    "model": "document.category",
    "pk": 9,
    "fields": {
      "board": 3,
      "name": "판결/결정문",
      "parent": null,
      "order": 2
    }
  },
  {
    "model": "document.category",
    "pk": 10,
    "fields": {
      "board": 3,
      "name": "기타제출문서",
      "parent": null,
      "order": 3
    }
  },
  {
    "model": "document.category",
    "pk": 11,
    "fields": {
      "board": 3,
      "name": "기타수신문서",
      "parent": null,
      "order": 4
    }
  },
  {
    "model": "cash.bankcode",
    "pk": 1,
    "fields": {
      "code": "002",
      "name": "산업은행"
    }
  },
  {
    "model": "cash.bankcode",
    "pk": 2,
    "fields": {
      "code": "003",
      "name": "기업은행"
    }
  },
  {
    "model": "cash.bankcode",
    "pk": 3,
    "fields": {
      "code": "004",
      "name": "KB국민은행"
    }
  },
  {
    "model": "cash.bankcode",
    "pk": 4,
    "fields": {
      "code": "007",
      "name": "수협은행"
    }
  },
  {
    "model": "cash.bankcode",
    "pk": 5,
    "fields": {
      "code": "011",
      "name": "NH농협은행"
    }
  },
  {
    "model": "cash.bankcode",
    "pk": 6,
    "fields": {
      "code": "012",
      "name": "지역농축협"
    }
  },
  {
    "model": "cash.bankcode",
    "pk": 7,
    "fields": {
      "code": "020",
      "name": "우리은행"
    }
  },
  {
    "model": "cash.bankcode",
    "pk": 8,
    "fields": {
      "code": "023",
      "name": "SC제일은행"
    }
  },
  {
    "model": "cash.bankcode",
    "pk": 9,
    "fields": {
      "code": "027",
      "name": "한국씨티은행"
    }
  },
  {
    "model": "cash.bankcode",
    "pk": 10,
    "fields": {
      "code": "031",
      "name": "대구은행"
    }
  },
  {
    "model": "cash.bankcode",
    "pk": 11,
    "fields": {
      "code": "032",
      "name": "부산은행"
    }
  },
  {
    "model": "cash.bankcode",
    "pk": 12,
    "fields": {
      "code": "034",
      "name": "광주은행"
    }
  },
  {
    "model": "cash.bankcode",
    "pk": 13,
    "fields": {
      "code": "035",
      "name": "제주은행"
    }
  },
  {
    "model": "cash.bankcode",
    "pk": 14,
    "fields": {
      "code": "037",
      "name": "전북은행"
    }
  },
  {
    "model": "cash.bankcode",
    "pk": 15,
    "fields": {
      "code": "039",
      "name": "경남은행"
    }
  },
  {
    "model": "cash.bankcode",
    "pk": 16,
    "fields": {
      "code": "045",
      "name": "새마을금고"
    }
  },
  {
    "model": "cash.bankcode",
    "pk": 17,
    "fields": {
      "code": "048",
      "name": "신협"
    }
  },
  {
    "model": "cash.bankcode",
    "pk": 18,
    "fields": {
      "code": "071",
      "name": "우체국"
    }
  },
  {
    "model": "cash.bankcode",
    "pk": 19,
    "fields": {
      "code": "081",
      "name": "하나은행"
    }
  },
  {
    "model": "cash.bankcode",
    "pk": 20,
    "fields": {
      "code": "088",
      "name": "신한은행"
    }
  },
  {
    "model": "cash.bankcode",
    "pk": 21,
    "fields": {
      "code": "089",
      "name": "케이뱅크"
    }
  },
  {
    "model": "cash.bankcode",
    "pk": 22,
    "fields": {
      "code": "090",
      "name": "카카오뱅크"
    }
  },
  {
    "model": "cash.bankcode",
    "pk": 23,
    "fields": {
      "code": "092",
      "name": "토스뱅크"
    }
  },
  {
    "model": "cash.bankcode",
    "pk": 24,
    "fields": {
      "code": "000",
      "name": "기타"
    }
  },
  {
    "model": "cash.companybankaccount",
    "pk": 1,
    "fields": {
      "company": 1,
      "depart": null,
      "bankcode": 24,
      "alias_name": "현금",
      "number": "",
      "holder": "",
      "open_date": null,
      "note": "",
      "inactive": false
    }
  },
  {
    "model": "rebs.accountsort",
    "pk": 1,
    "fields": {
      "name": "입금"
    }
  },
  {
    "model": "rebs.accountsort",
    "pk": 2,
    "fields": {
      "name": "출금"
    }
  },
  {
    "model": "rebs.accountsubd1",
    "pk": 1,
    "fields": {
      "code": "300",
      "name": "자산",
      "description": "자산 계정과목 기준",
      "sorts": [
        1,
        2
      ]
    }
  },
  {
    "model": "rebs.accountsubd1",
    "pk": 2,
    "fields": {
      "code": "100",
      "name": "부채",
      "description": "부채 계정과목 기준",
      "sorts": [
        1,
        2
      ]
    }
  },
  {
    "model": "rebs.accountsubd1",
    "pk": 3,
    "fields": {
      "code": "200",
      "name": "자본",
      "description": "자본 계정과목 기준",
      "sorts": [
        1,
        2
      ]
    }
  },
  {
    "model": "rebs.accountsubd1",
    "pk": 4,
    "fields": {
      "code": "800",
      "name": "수익",
      "description": "수익 계정과목 기준",
      "sorts": [
        1
      ]
    }
  },
  {
    "model": "rebs.accountsubd1",
    "pk": 5,
    "fields": {
      "code": "600",
      "name": "비용",
      "description": "비용 계정과목 기준",
      "sorts": [
        2
      ]
    }
  },
  {
    "model": "rebs.accountsubd1",
    "pk": 6,
    "fields": {
      "code": "500",
      "name": "대체",
      "description": "계좌간 내부 대체",
      "sorts": [
        1,
        2
      ]
    }
  },
  {
    "model": "rebs.accountsubd1",
    "pk": 7,
    "fields": {
      "code": "400",
      "name": "취소",
      "description": "취소된 출금 및 입금거래",
      "sorts": [
        1,
        2
      ]
    }
  },
  {
    "model": "rebs.accountsubd2",
    "pk": 1,
    "fields": {
      "d1": 1,
      "code": "310",
      "name": "당좌자산",
      "description": "당좌자산 계정과목 기준"
    }
  },
  {
    "model": "rebs.accountsubd2",
    "pk": 2,
    "fields": {
      "d1": 1,
      "code": "330",
      "name": "재고자산",
      "description": "재고자산 계정과목 기준"
    }
  },
  {
    "model": "rebs.accountsubd2",
    "pk": 3,
    "fields": {
      "d1": 1,
      "code": "350",
      "name": "투자자산",
      "description": "투자자산 계정과목 기준"
    }
  },
  {
    "model": "rebs.accountsubd2",
    "pk": 4,
    "fields": {
      "d1": 1,
      "code": "360",
      "name": "유형자산",
      "description": "유형자산 계정과목 기준"
    }
  },
  {
    "model": "rebs.accountsubd2",
    "pk": 5,
    "fields": {
      "d1": 1,
      "code": "370",
      "name": "무형자산",
      "description": "무형자산 계정과목 기준"
    }
  },
  {
    "model": "rebs.accountsubd2",
    "pk": 6,
    "fields": {
      "d1": 1,
      "code": "380",
      "name": "기타 비유동자산",
      "description": "기타 비유동자산자산 계정과목 기준"
    }
  },
  {
    "model": "rebs.accountsubd2",
    "pk": 7,
    "fields": {
      "d1": 2,
      "code": "110",
      "name": "유동부채",
      "description": "유동부채 계정과목 기준"
    }
  },
  {
    "model": "rebs.accountsubd2",
    "pk": 8,
    "fields": {
      "d1": 2,
      "code": "130",
      "name": "비유동부채",
      "description": "비유동부채 계정과목 기준"
    }
  },
  {
    "model": "rebs.accountsubd2",
    "pk": 9,
    "fields": {
      "d1": 3,
      "code": "210",
      "name": "자본금",
      "description": "자본금 계정과목 기준"
    }
  },
  {
    "model": "rebs.accountsubd2",
    "pk": 10,
    "fields": {
      "d1": 3,
      "code": "220",
      "name": "자본잉여금",
      "description": "자본잉여금 계정과목 기준"
    }
  },
  {
    "model": "rebs.accountsubd2",
    "pk": 11,
    "fields": {
      "d1": 3,
      "code": "230",
      "name": "이익잉여금",
      "description": "이익잉여금 계정과목 기준"
    }
  },
  {
    "model": "rebs.accountsubd2",
    "pk": 12,
    "fields": {
      "d1": 3,
      "code": "240",
      "name": "자본조정",
      "description": "자본조정 계정과목 기준"
    }
  },
  {
    "model": "rebs.accountsubd2",
    "pk": 13,
    "fields": {
      "d1": 3,
      "code": "250",
      "name": "기타포괄 손익누계액",
      "description": "기타포괄 손익누계액 계정과목 기준"
    }
  },
  {
    "model": "rebs.accountsubd2",
    "pk": 14,
    "fields": {
      "d1": 4,
      "code": "810",
      "name": "매출액",
      "description": "매출액 계정과목 기준"
    }
  },
  {
    "model": "rebs.accountsubd2",
    "pk": 15,
    "fields": {
      "d1": 4,
      "code": "820",
      "name": "영업외수익",
      "description": "영업외수익 계정과목 기준"
    }
  },
  {
    "model": "rebs.accountsubd2",
    "pk": 16,
    "fields": {
      "d1": 5,
      "code": "610",
      "name": "매출원가",
      "description": "매출원가 계정과목 기준"
    }
  },
  {
    "model": "rebs.accountsubd2",
    "pk": 17,
    "fields": {
      "d1": 5,
      "code": "620",
      "name": "판매비와 관리비",
      "description": "판매비와 관리비 계정과목 기준"
    }
  },
  {
    "model": "rebs.accountsubd2",
    "pk": 18,
    "fields": {
      "d1": 5,
      "code": "650",
      "name": "영업외비용",
      "description": "영업외비용 계정과목 기준"
    }
  },
  {
    "model": "rebs.accountsubd2",
    "pk": 19,
    "fields": {
      "d1": 6,
      "code": "510",
      "name": "대체",
      "description": "대체"
    }
  },
  {
    "model": "rebs.accountsubd2",
    "pk": 20,
    "fields": {
      "d1": 7,
      "code": "410",
      "name": "취소",
      "description": "취소된 출금 및 입금거래"
    }
  },
  {
    "model": "rebs.accountsubd3",
    "pk": 1,
    "fields": {
      "sort": 2,
      "d2": 1,
      "code": "111",
      "name": "현금(출금)",
      "is_hide": false,
      "is_special": false,
      "description": "통화, 자기앞수표, 인방행 당좌수표, 가계수표"
    }
  },
  {
    "model": "rebs.accountsubd3",
    "pk": 2,
    "fields": {
      "sort": 2,
      "d2": 1,
      "code": "112",
      "name": "당좌예금(출금)",
      "is_hide": false,
      "is_special": false,
      "description": "당좌거래와 관련한 예금"
    }
  },
  {
    "model": "rebs.accountsubd3",
    "pk": 3,
    "fields": {
      "sort": 2,
      "d2": 1,
      "code": "113",
      "name": "보통예금(출금)",
      "is_hide": false,
      "is_special": false,
      "description": "보통예금 입/출금"
    }
  },
  {
    "model": "rebs.accountsubd3",
    "pk": 4,
    "fields": {
      "sort": 2,
      "d2": 1,
      "code": "114",
      "name": "유가증권",
      "is_hide": false,
      "is_special": false,
      "description": "국채, 공채, 지방채 등의 매입 및 처분"
    }
  },
  {
    "model": "rebs.accountsubd3",
    "pk": 5,
    "fields": {
      "sort": 1,
      "d2": 1,
      "code": "120",
      "name": "매출채권(입금)",
      "is_hide": true,
      "is_special": false,
      "description": "상품, 제품 또는 용역을 제공한 대금을 외상으로 한 경우"
    }
  },
  {
    "model": "rebs.accountsubd3",
    "pk": 6,
    "fields": {
      "sort": 2,
      "d2": 1,
      "code": "122",
      "name": " 관계회사 대여금",
      "is_hide": false,
      "is_special": false,
      "description": "관계회사 대여금(조합 사업비 대여 또는 대지급금)"
    }
  },
  {
    "model": "rebs.accountsubd3",
    "pk": 7,
    "fields": {
      "sort": 2,
      "d2": 1,
      "code": "121",
      "name": " 단기대여금",
      "is_hide": false,
      "is_special": false,
      "description": "타인에게 대여한 대여금(대여기간 1년이내)"
    }
  },
  {
    "model": "rebs.accountsubd3",
    "pk": 8,
    "fields": {
      "sort": 1,
      "d2": 1,
      "code": "123",
      "name": " 미수금(입금)",
      "is_hide": false,
      "is_special": false,
      "description": "고정자산을 매각하고 대금을 외상으로 한 경우"
    }
  },
  {
    "model": "rebs.accountsubd3",
    "pk": 9,
    "fields": {
      "sort": 2,
      "d2": 1,
      "code": "124",
      "name": "선급금",
      "is_hide": false,
      "is_special": false,
      "description": "물품을 인도받기 전 대금을 미리 지급한 경우"
    }
  },
  {
    "model": "rebs.accountsubd3",
    "pk": 10,
    "fields": {
      "sort": 2,
      "d2": 1,
      "code": "125",
      "name": "선급비용",
      "is_hide": false,
      "is_special": false,
      "description": "각종 비용을 미리 지급한 것 (미경과 비용)"
    }
  },
  {
    "model": "rebs.accountsubd3",
    "pk": 11,
    "fields": {
      "sort": 2,
      "d2": 1,
      "code": "126",
      "name": "가지급금",
      "is_hide": false,
      "is_special": false,
      "description": "대표이사에게 일시적으로 돈을 빌려준 것"
    }
  },
  {
    "model": "rebs.accountsubd3",
    "pk": 12,
    "fields": {
      "sort": 2,
      "d2": 1,
      "code": "127",
      "name": "선납세금",
      "is_hide": false,
      "is_special": false,
      "description": "예금이자에 대한 이자 소득세 등"
    }
  },
  {
    "model": "rebs.accountsubd3",
    "pk": 13,
    "fields": {
      "sort": 2,
      "d2": 1,
      "code": "128",
      "name": "종업원대여금",
      "is_hide": false,
      "is_special": false,
      "description": "업무와 관련없이 종업원에게 대여하여 준것"
    }
  },
  {
    "model": "rebs.accountsubd3",
    "pk": 14,
    "fields": {
      "sort": 2,
      "d2": 1,
      "code": "129",
      "name": "전도금",
      "is_hide": false,
      "is_special": false,
      "description": "회사의 업무와 관련하여 경비 확정전 일시 지급한 금액"
    }
  },
  {
    "model": "rebs.accountsubd3",
    "pk": 15,
    "fields": {
      "sort": 1,
      "d2": 2,
      "code": "131",
      "name": "[판매] - 상품",
      "is_hide": true,
      "is_special": false,
      "description": "상품(도/소매업)"
    }
  },
  {
    "model": "rebs.accountsubd3",
    "pk": 16,
    "fields": {
      "sort": 1,
      "d2": 2,
      "code": "132",
      "name": "[판매] - 제품",
      "is_hide": true,
      "is_special": false,
      "description": "제조업의 완성제품"
    }
  },
  {
    "model": "rebs.accountsubd3",
    "pk": 17,
    "fields": {
      "sort": 1,
      "d2": 2,
      "code": "133",
      "name": "[매각] - 완성건물",
      "is_hide": true,
      "is_special": false,
      "description": "건설업의 완성건물"
    }
  },
  {
    "model": "rebs.accountsubd3",
    "pk": 18,
    "fields": {
      "sort": 2,
      "d2": 2,
      "code": "134",
      "name": "원재료(매입)",
      "is_hide": true,
      "is_special": false,
      "description": "제조업의 원재료"
    }
  },
  {
    "model": "rebs.accountsubd3",
    "pk": 19,
    "fields": {
      "sort": 2,
      "d2": 2,
      "code": "135",
      "name": "건설용지(매입)",
      "is_hide": false,
      "is_special": false,
      "description": "건설업의 건설용지"
    }
  },
  {
    "model": "rebs.accountsubd3",
    "pk": 20,
    "fields": {
      "sort": 2,
      "d2": 2,
      "code": "136",
      "name": "가설재(매입)",
      "is_hide": false,
      "is_special": false,
      "description": "가설재(건설업)"
    }
  },
  {
    "model": "rebs.accountsubd3",
    "pk": 21,
    "fields": {
      "sort": 1,
      "d2": 2,
      "code": "137",
      "name": "[매각] - 재공품",
      "is_hide": true,
      "is_special": false,
      "description": "일정시점에 생산과정에 있는 미완성된 제품의 평가액"
    }
  },
  {
    "model": "rebs.accountsubd3",
    "pk": 22,
    "fields": {
      "sort": 2,
      "d2": 3,
      "code": "151",
      "name": "장기금융상품(출금)",
      "is_hide": false,
      "is_special": false,
      "description": "예치기간이 1년을 초과하는 장기성 예금 또는 사용이 제한되어있는 예금"
    }
  },
  {
    "model": "rebs.accountsubd3",
    "pk": 23,
    "fields": {
      "sort": 2,
      "d2": 3,
      "code": "152",
      "name": "장기투자증권",
      "is_hide": false,
      "is_special": false,
      "description": "투자를 목적으로 취득한 주식 등"
    }
  },
  {
    "model": "rebs.accountsubd3",
    "pk": 24,
    "fields": {
      "sort": 2,
      "d2": 3,
      "code": "153",
      "name": "장기대여금",
      "is_hide": false,
      "is_special": false,
      "description": "대여기간이 1년을 초과하여 기업의 자금을 대여한 것"
    }
  },
  {
    "model": "rebs.accountsubd3",
    "pk": 25,
    "fields": {
      "sort": 2,
      "d2": 3,
      "code": "154",
      "name": "투자부동산",
      "is_hide": false,
      "is_special": false,
      "description": "투자목적으로 취득한 부동산"
    }
  },
  {
    "model": "rebs.accountsubd3",
    "pk": 26,
    "fields": {
      "sort": 2,
      "d2": 3,
      "code": "155",
      "name": "지분법적용투자주식(입금)",
      "is_hide": true,
      "is_special": false,
      "description": "지분법적용 투자주식"
    }
  },
  {
    "model": "rebs.accountsubd3",
    "pk": 27,
    "fields": {
      "sort": 2,
      "d2": 4,
      "code": "161",
      "name": "토지(매입)",
      "is_hide": false,
      "is_special": false,
      "description": "토지"
    }
  },
  {
    "model": "rebs.accountsubd3",
    "pk": 28,
    "fields": {
      "sort": 2,
      "d2": 4,
      "code": "162",
      "name": "건물(매입)",
      "is_hide": false,
      "is_special": false,
      "description": "사무실, 공장, 창고 등 회사소유 건물"
    }
  },
  {
    "model": "rebs.accountsubd3",
    "pk": 29,
    "fields": {
      "sort": 2,
      "d2": 4,
      "code": "163",
      "name": "구축물(입금)",
      "is_hide": true,
      "is_special": false,
      "description": "용수설비 등"
    }
  },
  {
    "model": "rebs.accountsubd3",
    "pk": 30,
    "fields": {
      "sort": 2,
      "d2": 4,
      "code": "165",
      "name": "기계장치",
      "is_hide": false,
      "is_special": false,
      "description": "각종 기계장치"
    }
  },
  {
    "model": "rebs.accountsubd3",
    "pk": 31,
    "fields": {
      "sort": 2,
      "d2": 4,
      "code": "166",
      "name": "차량운반구",
      "is_hide": false,
      "is_special": false,
      "description": "화물자동차, 승용자동차, 지게차, 중기 등"
    }
  },
  {
    "model": "rebs.accountsubd3",
    "pk": 32,
    "fields": {
      "sort": 2,
      "d2": 4,
      "code": "167",
      "name": "공구와기구",
      "is_hide": false,
      "is_special": false,
      "description": "공구, 기구로서 100만원을 초과하는 것(이하:소모품)"
    }
  },
  {
    "model": "rebs.accountsubd3",
    "pk": 33,
    "fields": {
      "sort": 1,
      "d2": 4,
      "code": "168",
      "name": "건설중인자산(입금)",
      "is_hide": true,
      "is_special": false,
      "description": "건설중인 자산의 가액"
    }
  },
  {
    "model": "rebs.accountsubd3",
    "pk": 34,
    "fields": {
      "sort": 2,
      "d2": 4,
      "code": "169",
      "name": "비품",
      "is_hide": false,
      "is_special": false,
      "description": "책상, 의자, 에어컨, 캐비넷, 컴퓨터, 팩시밀리, 복사기 등"
    }
  },
  {
    "model": "rebs.accountsubd3",
    "pk": 35,
    "fields": {
      "sort": 2,
      "d2": 5,
      "code": "171",
      "name": "영업권",
      "is_hide": false,
      "is_special": false,
      "description": "영업상의 권리"
    }
  },
  {
    "model": "rebs.accountsubd3",
    "pk": 36,
    "fields": {
      "sort": 2,
      "d2": 5,
      "code": "172",
      "name": "특허권",
      "is_hide": false,
      "is_special": false,
      "description": "특허와 관련한 권리를 금전적 가치로 계상한 것"
    }
  },
  {
    "model": "rebs.accountsubd3",
    "pk": 37,
    "fields": {
      "sort": 2,
      "d2": 5,
      "code": "173",
      "name": "상표권",
      "is_hide": false,
      "is_special": false,
      "description": "영업상의 권리"
    }
  },
  {
    "model": "rebs.accountsubd3",
    "pk": 38,
    "fields": {
      "sort": 2,
      "d2": 5,
      "code": "174",
      "name": "개발비",
      "is_hide": false,
      "is_special": false,
      "description": "개발과 관련하여 지출한 고액비용"
    }
  },
  {
    "model": "rebs.accountsubd3",
    "pk": 39,
    "fields": {
      "sort": 2,
      "d2": 5,
      "code": "175",
      "name": "소프트웨어",
      "is_hide": false,
      "is_special": false,
      "description": "고가의 소프트웨어 구입비, 개발비"
    }
  },
  {
    "model": "rebs.accountsubd3",
    "pk": 40,
    "fields": {
      "sort": 2,
      "d2": 6,
      "code": "181",
      "name": "임차보증금",
      "is_hide": false,
      "is_special": false,
      "description": "사무실, 공장 등의 임차보증금"
    }
  },
  {
    "model": "rebs.accountsubd3",
    "pk": 41,
    "fields": {
      "sort": 2,
      "d2": 6,
      "code": "182",
      "name": "기타보증금",
      "is_hide": false,
      "is_special": false,
      "description": "영업보증금, 보증금 등"
    }
  },
  {
    "model": "rebs.accountsubd3",
    "pk": 42,
    "fields": {
      "sort": 1,
      "d2": 6,
      "code": "183",
      "name": "장기매출채권(입금)",
      "is_hide": true,
      "is_special": false,
      "description": "장기매출채권"
    }
  },
  {
    "model": "rebs.accountsubd3",
    "pk": 43,
    "fields": {
      "sort": 1,
      "d2": 6,
      "code": "184",
      "name": "장기미수금(입금)",
      "is_hide": true,
      "is_special": false,
      "description": "장기미수금"
    }
  },
  {
    "model": "rebs.accountsubd3",
    "pk": 44,
    "fields": {
      "sort": 1,
      "d2": 6,
      "code": "185",
      "name": "이연법인세자산(입금)",
      "is_hide": true,
      "is_special": false,
      "description": "이연법인세자산"
    }
  },
  {
    "model": "rebs.accountsubd3",
    "pk": 45,
    "fields": {
      "sort": 1,
      "d2": 7,
      "code": "211",
      "name": "매입채무(입금)",
      "is_hide": true,
      "is_special": false,
      "description": "물품 등을 구입하고 그 대금을 나중에 지급하기로 한 것"
    }
  },
  {
    "model": "rebs.accountsubd3",
    "pk": 46,
    "fields": {
      "sort": 1,
      "d2": 7,
      "code": "226",
      "name": "관계회사 차입금",
      "is_hide": false,
      "is_special": false,
      "description": "관계회사 차입금"
    }
  },
  {
    "model": "rebs.accountsubd3",
    "pk": 47,
    "fields": {
      "sort": 1,
      "d2": 7,
      "code": "212",
      "name": "단기차입금",
      "is_hide": false,
      "is_special": false,
      "description": "1년 이내에 상환하여야 하는 차입금"
    }
  },
  {
    "model": "rebs.accountsubd3",
    "pk": 48,
    "fields": {
      "sort": 1,
      "d2": 7,
      "code": "213",
      "name": "미지급금(입금)",
      "is_hide": true,
      "is_special": false,
      "description": "고정자산 등을 구입하고 그 대금을 나중에 지급하기로 한 것"
    }
  },
  {
    "model": "rebs.accountsubd3",
    "pk": 49,
    "fields": {
      "sort": 1,
      "d2": 7,
      "code": "214",
      "name": "예수금(입금)",
      "is_hide": false,
      "is_special": false,
      "description": "갑근세, 국민연금, 건강보험 등을 근로자로부터 미리 받아둔 것"
    }
  },
  {
    "model": "rebs.accountsubd3",
    "pk": 50,
    "fields": {
      "sort": 1,
      "d2": 7,
      "code": "215",
      "name": "부가세예수금",
      "is_hide": false,
      "is_special": false,
      "description": "매출 시 매입자로부터 받아 둔 부가가치세"
    }
  },
  {
    "model": "rebs.accountsubd3",
    "pk": 51,
    "fields": {
      "sort": 1,
      "d2": 7,
      "code": "221",
      "name": "가수금",
      "is_hide": false,
      "is_special": false,
      "description": "대표이사로부터 일시 차입한 돈"
    }
  },
  {
    "model": "rebs.accountsubd3",
    "pk": 52,
    "fields": {
      "sort": 1,
      "d2": 7,
      "code": "222",
      "name": "선수금",
      "is_hide": false,
      "is_special": false,
      "description": "제품을 인도하기 전 그 대금을 미리 받은 것"
    }
  },
  {
    "model": "rebs.accountsubd3",
    "pk": 53,
    "fields": {
      "sort": 1,
      "d2": 7,
      "code": "223",
      "name": "미지급비용(입금)",
      "is_hide": true,
      "is_special": false,
      "description": "비용과 관련하여 그 대금을 나중에 지급하기로 한 것"
    }
  },
  {
    "model": "rebs.accountsubd3",
    "pk": 54,
    "fields": {
      "sort": 1,
      "d2": 7,
      "code": "224",
      "name": "미지급세금(입금)",
      "is_hide": true,
      "is_special": false,
      "description": "법인세 등의 미지급액"
    }
  },
  {
    "model": "rebs.accountsubd3",
    "pk": 55,
    "fields": {
      "sort": 1,
      "d2": 7,
      "code": "225",
      "name": "이연법인세부채(입금)",
      "is_hide": true,
      "is_special": false,
      "description": "이연법인세부채"
    }
  },
  {
    "model": "rebs.accountsubd3",
    "pk": 56,
    "fields": {
      "sort": 1,
      "d2": 8,
      "code": "231",
      "name": "사채(입금)",
      "is_hide": false,
      "is_special": false,
      "description": "1년 이후에 상환예정인 회사채(개인사채가 아님)"
    }
  },
  {
    "model": "rebs.accountsubd3",
    "pk": 57,
    "fields": {
      "sort": 1,
      "d2": 8,
      "code": "232",
      "name": "장기차입금",
      "is_hide": false,
      "is_special": false,
      "description": "상환기간이 1년을 초과하는 차입금"
    }
  },
  {
    "model": "rebs.accountsubd3",
    "pk": 58,
    "fields": {
      "sort": 1,
      "d2": 8,
      "code": "233",
      "name": "신주인수권부사채(입금)",
      "is_hide": true,
      "is_special": true,
      "description": "신주를 살 수 있는 권리(인수권)가 붙은 사채"
    }
  },
  {
    "model": "rebs.accountsubd3",
    "pk": 59,
    "fields": {
      "sort": 1,
      "d2": 8,
      "code": "234",
      "name": "전환사채(입금)",
      "is_hide": true,
      "is_special": false,
      "description": "일정한 기간이 지나 사채권자의 청구가 있을 때 주식으로 전환할 수 있는 사채"
    }
  },
  {
    "model": "rebs.accountsubd3",
    "pk": 60,
    "fields": {
      "sort": 1,
      "d2": 8,
      "code": "235",
      "name": "퇴직급여충당부채(입금)",
      "is_hide": true,
      "is_special": false,
      "description": "퇴직급여충당부채"
    }
  },
  {
    "model": "rebs.accountsubd3",
    "pk": 61,
    "fields": {
      "sort": 1,
      "d2": 9,
      "code": "511",
      "name": "보통주자본금",
      "is_hide": false,
      "is_special": false,
      "description": "법인의 경우 납입자본금(보통주)"
    }
  },
  {
    "model": "rebs.accountsubd3",
    "pk": 62,
    "fields": {
      "sort": 1,
      "d2": 9,
      "code": "512",
      "name": "우선주자본금",
      "is_hide": false,
      "is_special": false,
      "description": "법인의 경우 납입자본금(우선주)"
    }
  },
  {
    "model": "rebs.accountsubd3",
    "pk": 63,
    "fields": {
      "sort": 1,
      "d2": 10,
      "code": "521",
      "name": "자본잉여금(입금)",
      "is_hide": true,
      "is_special": false,
      "description": "주식발행초과금, 감자이익"
    }
  },
  {
    "model": "rebs.accountsubd3",
    "pk": 64,
    "fields": {
      "sort": 1,
      "d2": 11,
      "code": "531",
      "name": "이익준비금(입금)",
      "is_hide": true,
      "is_special": false,
      "description": "이익잉여금의 처분으로 사내에 유보된 금액"
    }
  },
  {
    "model": "rebs.accountsubd3",
    "pk": 65,
    "fields": {
      "sort": 1,
      "d2": 11,
      "code": "532",
      "name": "기업합리화적립금(입금)",
      "is_hide": true,
      "is_special": false,
      "description": "기업합리화 적립금"
    }
  },
  {
    "model": "rebs.accountsubd3",
    "pk": 66,
    "fields": {
      "sort": 1,
      "d2": 11,
      "code": "533",
      "name": "임의적립금(입금)",
      "is_hide": true,
      "is_special": false,
      "description": "이익잉여금의 처분으로 임의로 사내에 유보한 금액"
    }
  },
  {
    "model": "rebs.accountsubd3",
    "pk": 67,
    "fields": {
      "sort": 1,
      "d2": 11,
      "code": "534",
      "name": "이월이익잉여금(입금)",
      "is_hide": true,
      "is_special": false,
      "description": "다음 사업연도로 이월하는 이익 잉여금"
    }
  },
  {
    "model": "rebs.accountsubd3",
    "pk": 68,
    "fields": {
      "sort": 1,
      "d2": 11,
      "code": "535",
      "name": "미처분이익잉여금(입금)",
      "is_hide": true,
      "is_special": false,
      "description": "미처분이익잉여금"
    }
  },
  {
    "model": "rebs.accountsubd3",
    "pk": 69,
    "fields": {
      "sort": 1,
      "d2": 11,
      "code": "536",
      "name": "미처리결손금(입금)",
      "is_hide": true,
      "is_special": false,
      "description": "미처리결손금"
    }
  },
  {
    "model": "rebs.accountsubd3",
    "pk": 70,
    "fields": {
      "sort": 1,
      "d2": 12,
      "code": "541",
      "name": "주식할인발행차금(입금)",
      "is_hide": true,
      "is_special": false,
      "description": "주식할인발행차금"
    }
  },
  {
    "model": "rebs.accountsubd3",
    "pk": 71,
    "fields": {
      "sort": 1,
      "d2": 12,
      "code": "542",
      "name": "자기주식(입금)",
      "is_hide": true,
      "is_special": false,
      "description": "자기주식"
    }
  },
  {
    "model": "rebs.accountsubd3",
    "pk": 72,
    "fields": {
      "sort": 1,
      "d2": 12,
      "code": "543",
      "name": "주식매수선택권(입금)",
      "is_hide": true,
      "is_special": false,
      "description": "주식매수선택권"
    }
  },
  {
    "model": "rebs.accountsubd3",
    "pk": 73,
    "fields": {
      "sort": 1,
      "d2": 12,
      "code": "544",
      "name": "출자전환채무(입금)",
      "is_hide": true,
      "is_special": false,
      "description": "출자전환채무"
    }
  },
  {
    "model": "rebs.accountsubd3",
    "pk": 74,
    "fields": {
      "sort": 1,
      "d2": 12,
      "code": "545",
      "name": "감자차손(입금)",
      "is_hide": true,
      "is_special": false,
      "description": "감자차손"
    }
  },
  {
    "model": "rebs.accountsubd3",
    "pk": 75,
    "fields": {
      "sort": 1,
      "d2": 12,
      "code": "546",
      "name": "자기주식처분손실(입금)",
      "is_hide": true,
      "is_special": false,
      "description": "자기주식처분손실"
    }
  },
  {
    "model": "rebs.accountsubd3",
    "pk": 76,
    "fields": {
      "sort": 1,
      "d2": 13,
      "code": "551",
      "name": "매도가능증권평가이익(입금)",
      "is_hide": true,
      "is_special": false,
      "description": "매도가능증권평가이익"
    }
  },
  {
    "model": "rebs.accountsubd3",
    "pk": 77,
    "fields": {
      "sort": 1,
      "d2": 13,
      "code": "552",
      "name": "해외사업환산손익(입금)",
      "is_hide": true,
      "is_special": false,
      "description": "해외사업환산손익"
    }
  },
  {
    "model": "rebs.accountsubd3",
    "pk": 78,
    "fields": {
      "sort": 1,
      "d2": 14,
      "code": "711",
      "name": "상품매출",
      "is_hide": true,
      "is_special": false,
      "description": "상품매출"
    }
  },
  {
    "model": "rebs.accountsubd3",
    "pk": 79,
    "fields": {
      "sort": 1,
      "d2": 14,
      "code": "712",
      "name": "제품매출",
      "is_hide": true,
      "is_special": false,
      "description": "제품매출"
    }
  },
  {
    "model": "rebs.accountsubd3",
    "pk": 80,
    "fields": {
      "sort": 1,
      "d2": 14,
      "code": "713",
      "name": "매출",
      "is_hide": false,
      "is_special": false,
      "description": "매출"
    }
  },
  {
    "model": "rebs.accountsubd3",
    "pk": 81,
    "fields": {
      "sort": 1,
      "d2": 14,
      "code": "714",
      "name": "공사수입금",
      "is_hide": false,
      "is_special": false,
      "description": "공사수입금"
    }
  },
  {
    "model": "rebs.accountsubd3",
    "pk": 82,
    "fields": {
      "sort": 1,
      "d2": 14,
      "code": "715",
      "name": "수임수수료",
      "is_hide": false,
      "is_special": false,
      "description": "수임수수료"
    }
  },
  {
    "model": "rebs.accountsubd3",
    "pk": 83,
    "fields": {
      "sort": 1,
      "d2": 15,
      "code": "721",
      "name": "이자수익",
      "is_hide": false,
      "is_special": false,
      "description": "이자 등의 수익"
    }
  },
  {
    "model": "rebs.accountsubd3",
    "pk": 84,
    "fields": {
      "sort": 1,
      "d2": 15,
      "code": "722",
      "name": "유가증권이자",
      "is_hide": false,
      "is_special": false,
      "description": "유가증권이자"
    }
  },
  {
    "model": "rebs.accountsubd3",
    "pk": 85,
    "fields": {
      "sort": 1,
      "d2": 15,
      "code": "723",
      "name": "배당금수익",
      "is_hide": false,
      "is_special": false,
      "description": "배당금수익"
    }
  },
  {
    "model": "rebs.accountsubd3",
    "pk": 86,
    "fields": {
      "sort": 1,
      "d2": 15,
      "code": "731",
      "name": "임대료",
      "is_hide": false,
      "is_special": false,
      "description": "임대료 수익"
    }
  },
  {
    "model": "rebs.accountsubd3",
    "pk": 87,
    "fields": {
      "sort": 1,
      "d2": 15,
      "code": "732",
      "name": "유가증권처분이익",
      "is_hide": false,
      "is_special": false,
      "description": "유가증권처분이익"
    }
  },
  {
    "model": "rebs.accountsubd3",
    "pk": 88,
    "fields": {
      "sort": 1,
      "d2": 15,
      "code": "733",
      "name": "외환차익",
      "is_hide": false,
      "is_special": false,
      "description": "외환차익"
    }
  },
  {
    "model": "rebs.accountsubd3",
    "pk": 89,
    "fields": {
      "sort": 1,
      "d2": 15,
      "code": "734",
      "name": "외화환산이익",
      "is_hide": false,
      "is_special": false,
      "description": "외화환산이익"
    }
  },
  {
    "model": "rebs.accountsubd3",
    "pk": 90,
    "fields": {
      "sort": 1,
      "d2": 15,
      "code": "735",
      "name": "유형자산처분이익",
      "is_hide": false,
      "is_special": false,
      "description": "유형자산처분이익"
    }
  },
  {
    "model": "rebs.accountsubd3",
    "pk": 91,
    "fields": {
      "sort": 1,
      "d2": 15,
      "code": "736",
      "name": "투자자산처분이익",
      "is_hide": false,
      "is_special": false,
      "description": "투자자산처분이익"
    }
  },
  {
    "model": "rebs.accountsubd3",
    "pk": 92,
    "fields": {
      "sort": 1,
      "d2": 15,
      "code": "737",
      "name": "잡이익",
      "is_hide": false,
      "is_special": false,
      "description": "잡이익"
    }
  },
  {
    "model": "rebs.accountsubd3",
    "pk": 93,
    "fields": {
      "sort": 2,
      "d2": 16,
      "code": "811",
      "name": "상품매출원가",
      "is_hide": false,
      "is_special": false,
      "description": "상품매출원가"
    }
  },
  {
    "model": "rebs.accountsubd3",
    "pk": 94,
    "fields": {
      "sort": 2,
      "d2": 16,
      "code": "812",
      "name": "제품매출원가",
      "is_hide": false,
      "is_special": false,
      "description": "제품매출원가"
    }
  },
  {
    "model": "rebs.accountsubd3",
    "pk": 95,
    "fields": {
      "sort": 2,
      "d2": 17,
      "code": "821",
      "name": "급여",
      "is_hide": false,
      "is_special": false,
      "description": "급여"
    }
  },
  {
    "model": "rebs.accountsubd3",
    "pk": 96,
    "fields": {
      "sort": 2,
      "d2": 17,
      "code": "822",
      "name": "상여금",
      "is_hide": false,
      "is_special": false,
      "description": "상여금"
    }
  },
  {
    "model": "rebs.accountsubd3",
    "pk": 97,
    "fields": {
      "sort": 2,
      "d2": 17,
      "code": "823",
      "name": "잡급",
      "is_hide": false,
      "is_special": false,
      "description": "잡급"
    }
  },
  {
    "model": "rebs.accountsubd3",
    "pk": 98,
    "fields": {
      "sort": 2,
      "d2": 17,
      "code": "824",
      "name": "복리후생비",
      "is_hide": false,
      "is_special": false,
      "description": "복리후생비"
    }
  },
  {
    "model": "rebs.accountsubd3",
    "pk": 99,
    "fields": {
      "sort": 2,
      "d2": 17,
      "code": "825",
      "name": "여비교통비",
      "is_hide": false,
      "is_special": false,
      "description": "여비교통비"
    }
  },
  {
    "model": "rebs.accountsubd3",
    "pk": 100,
    "fields": {
      "sort": 2,
      "d2": 17,
      "code": "826",
      "name": "접대비",
      "is_hide": false,
      "is_special": false,
      "description": "접대비"
    }
  },
  {
    "model": "rebs.accountsubd3",
    "pk": 101,
    "fields": {
      "sort": 2,
      "d2": 17,
      "code": "827",
      "name": "통신비",
      "is_hide": false,
      "is_special": false,
      "description": "통신비"
    }
  },
  {
    "model": "rebs.accountsubd3",
    "pk": 102,
    "fields": {
      "sort": 2,
      "d2": 17,
      "code": "828",
      "name": "수도광열비",
      "is_hide": false,
      "is_special": false,
      "description": "수도광열비"
    }
  },
  {
    "model": "rebs.accountsubd3",
    "pk": 103,
    "fields": {
      "sort": 2,
      "d2": 17,
      "code": "831",
      "name": "세금과공과금",
      "is_hide": false,
      "is_special": false,
      "description": "세금과공과금"
    }
  },
  {
    "model": "rebs.accountsubd3",
    "pk": 104,
    "fields": {
      "sort": 2,
      "d2": 17,
      "code": "832",
      "name": "감가상각비",
      "is_hide": false,
      "is_special": false,
      "description": "감가상각비"
    }
  },
  {
    "model": "rebs.accountsubd3",
    "pk": 105,
    "fields": {
      "sort": 2,
      "d2": 17,
      "code": "833",
      "name": "임차료",
      "is_hide": false,
      "is_special": false,
      "description": "임차료"
    }
  },
  {
    "model": "rebs.accountsubd3",
    "pk": 106,
    "fields": {
      "sort": 2,
      "d2": 17,
      "code": "828",
      "name": "건물관리비",
      "is_hide": false,
      "is_special": false,
      "description": "건물관리비"
    }
  },
  {
    "model": "rebs.accountsubd3",
    "pk": 107,
    "fields": {
      "sort": 2,
      "d2": 17,
      "code": "834",
      "name": "수선비",
      "is_hide": false,
      "is_special": false,
      "description": "수선비"
    }
  },
  {
    "model": "rebs.accountsubd3",
    "pk": 108,
    "fields": {
      "sort": 2,
      "d2": 17,
      "code": "835",
      "name": "보험료",
      "is_hide": false,
      "is_special": false,
      "description": "보험료"
    }
  },
  {
    "model": "rebs.accountsubd3",
    "pk": 109,
    "fields": {
      "sort": 2,
      "d2": 17,
      "code": "836",
      "name": "차량유지비",
      "is_hide": false,
      "is_special": false,
      "description": "차량유지비"
    }
  },
  {
    "model": "rebs.accountsubd3",
    "pk": 110,
    "fields": {
      "sort": 2,
      "d2": 17,
      "code": "837",
      "name": "연구개발비",
      "is_hide": false,
      "is_special": false,
      "description": "연구개발비"
    }
  },
  {
    "model": "rebs.accountsubd3",
    "pk": 111,
    "fields": {
      "sort": 2,
      "d2": 17,
      "code": "838",
      "name": "운반비",
      "is_hide": false,
      "is_special": false,
      "description": "운반비"
    }
  },
  {
    "model": "rebs.accountsubd3",
    "pk": 112,
    "fields": {
      "sort": 2,
      "d2": 17,
      "code": "839",
      "name": "교육훈련비",
      "is_hide": false,
      "is_special": false,
      "description": "교육훈련비"
    }
  },
  {
    "model": "rebs.accountsubd3",
    "pk": 113,
    "fields": {
      "sort": 2,
      "d2": 17,
      "code": "841",
      "name": "도서인쇄비",
      "is_hide": false,
      "is_special": false,
      "description": "도서인쇄비"
    }
  },
  {
    "model": "rebs.accountsubd3",
    "pk": 114,
    "fields": {
      "sort": 2,
      "d2": 17,
      "code": "842",
      "name": "회의비",
      "is_hide": false,
      "is_special": false,
      "description": "회의비"
    }
  },
  {
    "model": "rebs.accountsubd3",
    "pk": 115,
    "fields": {
      "sort": 2,
      "d2": 17,
      "code": "843",
      "name": "포장비",
      "is_hide": false,
      "is_special": false,
      "description": "포장비"
    }
  },
  {
    "model": "rebs.accountsubd3",
    "pk": 116,
    "fields": {
      "sort": 2,
      "d2": 17,
      "code": "844",
      "name": "소모품비",
      "is_hide": false,
      "is_special": false,
      "description": "소모품비"
    }
  },
  {
    "model": "rebs.accountsubd3",
    "pk": 117,
    "fields": {
      "sort": 2,
      "d2": 17,
      "code": "130",
      "name": "사무용품비",
      "is_hide": false,
      "is_special": false,
      "description": "사무용품"
    }
  },
  {
    "model": "rebs.accountsubd3",
    "pk": 118,
    "fields": {
      "sort": 2,
      "d2": 17,
      "code": "845",
      "name": "지급수수료",
      "is_hide": false,
      "is_special": false,
      "description": "지급수수료"
    }
  },
  {
    "model": "rebs.accountsubd3",
    "pk": 119,
    "fields": {
      "sort": 2,
      "d2": 17,
      "code": "846",
      "name": "보관료",
      "is_hide": false,
      "is_special": false,
      "description": "보관료"
    }
  },
  {
    "model": "rebs.accountsubd3",
    "pk": 120,
    "fields": {
      "sort": 2,
      "d2": 17,
      "code": "847",
      "name": "광고선전비",
      "is_hide": false,
      "is_special": false,
      "description": "광고선전비"
    }
  },
  {
    "model": "rebs.accountsubd3",
    "pk": 121,
    "fields": {
      "sort": 2,
      "d2": 17,
      "code": "848",
      "name": "판매촉진비",
      "is_hide": false,
      "is_special": false,
      "description": "판매촉진비"
    }
  },
  {
    "model": "rebs.accountsubd3",
    "pk": 122,
    "fields": {
      "sort": 2,
      "d2": 18,
      "code": "851",
      "name": "이자비",
      "is_hide": false,
      "is_special": false,
      "description": "이자비"
    }
  },
  {
    "model": "rebs.accountsubd3",
    "pk": 123,
    "fields": {
      "sort": 2,
      "d2": 18,
      "code": "852",
      "name": "외환차손",
      "is_hide": false,
      "is_special": false,
      "description": "외환차손"
    }
  },
  {
    "model": "rebs.accountsubd3",
    "pk": 124,
    "fields": {
      "sort": 2,
      "d2": 18,
      "code": "853",
      "name": "유가증권처분손실",
      "is_hide": false,
      "is_special": false,
      "description": "유가증권처분손실"
    }
  },
  {
    "model": "rebs.accountsubd3",
    "pk": 125,
    "fields": {
      "sort": 2,
      "d2": 18,
      "code": "854",
      "name": "재고자산평가손실",
      "is_hide": false,
      "is_special": false,
      "description": "재고자산평가손실"
    }
  },
  {
    "model": "rebs.accountsubd3",
    "pk": 126,
    "fields": {
      "sort": 2,
      "d2": 18,
      "code": "855",
      "name": "유형자산처분손실",
      "is_hide": false,
      "is_special": false,
      "description": "유형자산처분손실"
    }
  },
  {
    "model": "rebs.accountsubd3",
    "pk": 127,
    "fields": {
      "sort": 2,
      "d2": 18,
      "code": "856",
      "name": "투자자산처분손실",
      "is_hide": false,
      "is_special": false,
      "description": "투자자산처분손실"
    }
  },
  {
    "model": "rebs.accountsubd3",
    "pk": 128,
    "fields": {
      "sort": 2,
      "d2": 18,
      "code": "857",
      "name": "잡손실",
      "is_hide": false,
      "is_special": false,
      "description": "잡손실"
    }
  },
  {
    "model": "rebs.accountsubd3",
    "pk": 129,
    "fields": {
      "sort": 2,
      "d2": 18,
      "code": "858",
      "name": "법인세등",
      "is_hide": false,
      "is_special": false,
      "description": "법인세등"
    }
  },
  {
    "model": "rebs.accountsubd3",
    "pk": 130,
    "fields": {
      "sort": 2,
      "d2": 18,
      "code": "859",
      "name": "소득세등",
      "is_hide": false,
      "is_special": false,
      "description": "소득세등"
    }
  },
  {
    "model": "rebs.accountsubd3",
    "pk": 131,
    "fields": {
      "sort": 1,
      "d2": 19,
      "code": "911",
      "name": "대체(출금)",
      "is_hide": false,
      "is_special": false,
      "description": "대체 출금"
    }
  },
  {
    "model": "rebs.accountsubd3",
    "pk": 132,
    "fields": {
      "sort": 1,
      "d2": 19,
      "code": "912",
      "name": "대체(입금)",
      "is_hide": false,
      "is_special": false,
      "description": "대체 입금"
    }
  },
  {
    "model": "rebs.accountsubd3",
    "pk": 133,
    "fields": {
      "sort": 1,
      "d2": 20,
      "code": "311",
      "name": "거래취소(출금)",
      "is_hide": false,
      "is_special": false,
      "description": "취소된 출금거래"
    }
  },
  {
    "model": "rebs.accountsubd3",
    "pk": 134,
    "fields": {
      "sort": 1,
      "d2": 20,
      "code": "312",
      "name": "거래취소(입금)",
      "is_hide": false,
      "is_special": false,
      "description": "취소된 입금거래"
    }
  },
  {
    "model": "rebs.accountsubd3",
    "pk": 135,
    "fields": {
      "sort": 1,
      "d2": 1,
      "code": "111",
      "name": "현금(입금)",
      "is_hide": false,
      "is_special": false,
      "description": "통화, 자기앞수표, 인방행 당좌수표, 가계수표"
    }
  },
  {
    "model": "rebs.accountsubd3",
    "pk": 136,
    "fields": {
      "sort": 1,
      "d2": 1,
      "code": "112",
      "name": "당좌예금(입금)",
      "is_hide": false,
      "is_special": false,
      "description": "당좌거래와 관련한 예금"
    }
  },
  {
    "model": "rebs.accountsubd3",
    "pk": 137,
    "fields": {
      "sort": 1,
      "d2": 1,
      "code": "113",
      "name": "보통예금(입금)",
      "is_hide": false,
      "is_special": false,
      "description": "보통예금 입/출금"
    }
  },
  {
    "model": "rebs.accountsubd3",
    "pk": 138,
    "fields": {
      "sort": 1,
      "d2": 1,
      "code": "114",
      "name": "[처분] - 유가증권",
      "is_hide": false,
      "is_special": false,
      "description": "국채, 공채, 지방채 등의 매입 및 처분"
    }
  },
  {
    "model": "rebs.accountsubd3",
    "pk": 139,
    "fields": {
      "sort": 2,
      "d2": 1,
      "code": "120",
      "name": "매출채권(출금)",
      "is_hide": true,
      "is_special": false,
      "description": "상품, 제품 또는 용역을 제공한 대금을 외상으로 한 경우"
    }
  },
  {
    "model": "rebs.accountsubd3",
    "pk": 140,
    "fields": {
      "sort": 1,
      "d2": 1,
      "code": "122",
      "name": "[회수] - 관계회사 대여금",
      "is_hide": false,
      "is_special": false,
      "description": "관계회사 대여금(조합 사업비 대여 또는 대지급금)"
    }
  },
  {
    "model": "rebs.accountsubd3",
    "pk": 141,
    "fields": {
      "sort": 1,
      "d2": 1,
      "code": "121",
      "name": "[회수] - 단기대여금",
      "is_hide": false,
      "is_special": false,
      "description": "타인에게 대여한 대여금(대여기간 1년이내)"
    }
  },
  {
    "model": "rebs.accountsubd3",
    "pk": 142,
    "fields": {
      "sort": 2,
      "d2": 1,
      "code": "123",
      "name": " 미수금(출금)",
      "is_hide": true,
      "is_special": false,
      "description": "고정자산을 매각하고 대금을 외상으로 한 경우"
    }
  },
  {
    "model": "rebs.accountsubd3",
    "pk": 143,
    "fields": {
      "sort": 1,
      "d2": 1,
      "code": "124",
      "name": "[반환] - 선급금",
      "is_hide": false,
      "is_special": false,
      "description": "물품을 인도받기 전 대금을 미리 지급한 경우"
    }
  },
  {
    "model": "rebs.accountsubd3",
    "pk": 144,
    "fields": {
      "sort": 1,
      "d2": 1,
      "code": "125",
      "name": "[반환] -선급비용",
      "is_hide": false,
      "is_special": false,
      "description": "각종 비용을 미리 지급한 것 (미경과 비용)"
    }
  },
  {
    "model": "rebs.accountsubd3",
    "pk": 145,
    "fields": {
      "sort": 1,
      "d2": 1,
      "code": "126",
      "name": "[회수] - 가지급금",
      "is_hide": false,
      "is_special": false,
      "description": "대표이사에게 일시적으로 돈을 빌려준 것"
    }
  },
  {
    "model": "rebs.accountsubd3",
    "pk": 146,
    "fields": {
      "sort": 1,
      "d2": 1,
      "code": "127",
      "name": "[환불] - 선납세금",
      "is_hide": false,
      "is_special": false,
      "description": "예금이자에 대한 이자 소득세 등"
    }
  },
  {
    "model": "rebs.accountsubd3",
    "pk": 147,
    "fields": {
      "sort": 1,
      "d2": 1,
      "code": "128",
      "name": "[반환] - 종업원대여금",
      "is_hide": false,
      "is_special": false,
      "description": "업무와 관련없이 종업원에게 대여하여 준것"
    }
  },
  {
    "model": "rebs.accountsubd3",
    "pk": 148,
    "fields": {
      "sort": 1,
      "d2": 1,
      "code": "129",
      "name": "[회수] - 전도금",
      "is_hide": false,
      "is_special": false,
      "description": "회사의 업무와 관련하여 경비 확정전 일시 지급한 금액"
    }
  },
  {
    "model": "rebs.accountsubd3",
    "pk": 149,
    "fields": {
      "sort": 2,
      "d2": 2,
      "code": "131",
      "name": "상품(출금)",
      "is_hide": true,
      "is_special": false,
      "description": "상품(도/소매업)"
    }
  },
  {
    "model": "rebs.accountsubd3",
    "pk": 150,
    "fields": {
      "sort": 2,
      "d2": 2,
      "code": "132",
      "name": "제품(출금)",
      "is_hide": true,
      "is_special": false,
      "description": "제조업의 완성제품"
    }
  },
  {
    "model": "rebs.accountsubd3",
    "pk": 151,
    "fields": {
      "sort": 2,
      "d2": 2,
      "code": "133",
      "name": "완성건물(출금)",
      "is_hide": true,
      "is_special": false,
      "description": "건설업의 완성건물"
    }
  },
  {
    "model": "rebs.accountsubd3",
    "pk": 152,
    "fields": {
      "sort": 2,
      "d2": 2,
      "code": "134",
      "name": "원재료(출금)",
      "is_hide": true,
      "is_special": false,
      "description": "제조업의 원재료"
    }
  },
  {
    "model": "rebs.accountsubd3",
    "pk": 153,
    "fields": {
      "sort": 1,
      "d2": 2,
      "code": "135",
      "name": "건설용지(매각)",
      "is_hide": false,
      "is_special": false,
      "description": "건설업의 건설용지"
    }
  },
  {
    "model": "rebs.accountsubd3",
    "pk": 154,
    "fields": {
      "sort": 1,
      "d2": 2,
      "code": "136",
      "name": "가설재(매각)",
      "is_hide": false,
      "is_special": false,
      "description": "가설재(건설업)"
    }
  },
  {
    "model": "rebs.accountsubd3",
    "pk": 155,
    "fields": {
      "sort": 2,
      "d2": 2,
      "code": "137",
      "name": "재공품",
      "is_hide": true,
      "is_special": false,
      "description": "일정시점에 생산과정에 있는 미완성된 제품의 평가액"
    }
  },
  {
    "model": "rebs.accountsubd3",
    "pk": 156,
    "fields": {
      "sort": 1,
      "d2": 3,
      "code": "151",
      "name": "장기금융상품(입금)",
      "is_hide": false,
      "is_special": false,
      "description": "예치기간이 1년을 초과하는 장기성 예금 또는 사용이 제한되어있는 예금"
    }
  },
  {
    "model": "rebs.accountsubd3",
    "pk": 157,
    "fields": {
      "sort": 1,
      "d2": 3,
      "code": "152",
      "name": "[처분] - 장기투자증권",
      "is_hide": false,
      "is_special": false,
      "description": "투자를 목적으로 취득한 주식 등"
    }
  },
  {
    "model": "rebs.accountsubd3",
    "pk": 158,
    "fields": {
      "sort": 1,
      "d2": 3,
      "code": "153",
      "name": "[회수] - 장기대여금",
      "is_hide": false,
      "is_special": false,
      "description": "대여기간이 1년을 초과하여 기업의 자금을 대여한 것"
    }
  },
  {
    "model": "rebs.accountsubd3",
    "pk": 159,
    "fields": {
      "sort": 1,
      "d2": 3,
      "code": "154",
      "name": "[매각] - 투자부동산",
      "is_hide": false,
      "is_special": false,
      "description": "투자목적으로 취득한 부동산"
    }
  },
  {
    "model": "rebs.accountsubd3",
    "pk": 160,
    "fields": {
      "sort": 2,
      "d2": 3,
      "code": "155",
      "name": "지분법적용투자주식(출금)",
      "is_hide": true,
      "is_special": false,
      "description": "지분법적용 투자주식"
    }
  },
  {
    "model": "rebs.accountsubd3",
    "pk": 161,
    "fields": {
      "sort": 1,
      "d2": 4,
      "code": "161",
      "name": "[매각] - 토지",
      "is_hide": false,
      "is_special": false,
      "description": "토지"
    }
  },
  {
    "model": "rebs.accountsubd3",
    "pk": 162,
    "fields": {
      "sort": 1,
      "d2": 4,
      "code": "162",
      "name": "[매각] - 건물",
      "is_hide": false,
      "is_special": false,
      "description": "사무실, 공장, 창고 등 회사소유 건물"
    }
  },
  {
    "model": "rebs.accountsubd3",
    "pk": 163,
    "fields": {
      "sort": 2,
      "d2": 4,
      "code": "163",
      "name": "구축물(출금)",
      "is_hide": false,
      "is_special": false,
      "description": "용수설비 등"
    }
  },
  {
    "model": "rebs.accountsubd3",
    "pk": 164,
    "fields": {
      "sort": 1,
      "d2": 4,
      "code": "165",
      "name": "[매각] - 기계장치",
      "is_hide": false,
      "is_special": false,
      "description": "각종 기계장치"
    }
  },
  {
    "model": "rebs.accountsubd3",
    "pk": 165,
    "fields": {
      "sort": 1,
      "d2": 4,
      "code": "166",
      "name": "[매각] - 차량운반구",
      "is_hide": false,
      "is_special": false,
      "description": "화물자동차, 승용자동차, 지게차, 중기 등"
    }
  },
  {
    "model": "rebs.accountsubd3",
    "pk": 166,
    "fields": {
      "sort": 1,
      "d2": 4,
      "code": "167",
      "name": "[매각] - 공구와기구",
      "is_hide": true,
      "is_special": false,
      "description": "공구, 기구로서 100만원을 초과하는 것(이하:소모품)"
    }
  },
  {
    "model": "rebs.accountsubd3",
    "pk": 167,
    "fields": {
      "sort": 2,
      "d2": 4,
      "code": "168",
      "name": "건설중인자산(출금)",
      "is_hide": true,
      "is_special": false,
      "description": "건설중인 자산의 가액"
    }
  },
  {
    "model": "rebs.accountsubd3",
    "pk": 168,
    "fields": {
      "sort": 1,
      "d2": 4,
      "code": "169",
      "name": "[매각] - 비품",
      "is_hide": false,
      "is_special": false,
      "description": "책상, 의자, 에어컨, 캐비넷, 컴퓨터, 팩시밀리, 복사기 등"
    }
  },
  {
    "model": "rebs.accountsubd3",
    "pk": 169,
    "fields": {
      "sort": 1,
      "d2": 5,
      "code": "171",
      "name": "[매각] - 영업권",
      "is_hide": false,
      "is_special": false,
      "description": "영업상의 권리"
    }
  },
  {
    "model": "rebs.accountsubd3",
    "pk": 170,
    "fields": {
      "sort": 1,
      "d2": 5,
      "code": "172",
      "name": "[매각] - 특허권",
      "is_hide": false,
      "is_special": false,
      "description": "특허와 관련한 권리를 금전적 가치로 계상한 것"
    }
  },
  {
    "model": "rebs.accountsubd3",
    "pk": 171,
    "fields": {
      "sort": 1,
      "d2": 5,
      "code": "173",
      "name": "[매각] - 상표권",
      "is_hide": false,
      "is_special": false,
      "description": "영업상의 권리"
    }
  },
  {
    "model": "rebs.accountsubd3",
    "pk": 172,
    "fields": {
      "sort": 1,
      "d2": 5,
      "code": "174",
      "name": "개발비(입금)",
      "is_hide": true,
      "is_special": false,
      "description": "개발과 관련하여 지출한 고액비용"
    }
  },
  {
    "model": "rebs.accountsubd3",
    "pk": 173,
    "fields": {
      "sort": 1,
      "d2": 5,
      "code": "175",
      "name": "소프트웨어(입금)",
      "is_hide": true,
      "is_special": false,
      "description": "고가의 소프트웨어 구입비, 개발비"
    }
  },
  {
    "model": "rebs.accountsubd3",
    "pk": 174,
    "fields": {
      "sort": 1,
      "d2": 6,
      "code": "181",
      "name": "[반환] - 임차보증금",
      "is_hide": false,
      "is_special": false,
      "description": "사무실, 공장 등의 임차보증금"
    }
  },
  {
    "model": "rebs.accountsubd3",
    "pk": 175,
    "fields": {
      "sort": 1,
      "d2": 6,
      "code": "182",
      "name": "[회수] - 기타보증금",
      "is_hide": false,
      "is_special": false,
      "description": "영업보증금, 보증금 등"
    }
  },
  {
    "model": "rebs.accountsubd3",
    "pk": 176,
    "fields": {
      "sort": 2,
      "d2": 6,
      "code": "183",
      "name": "장기매출채권(출금)",
      "is_hide": true,
      "is_special": false,
      "description": "장기매출채권"
    }
  },
  {
    "model": "rebs.accountsubd3",
    "pk": 177,
    "fields": {
      "sort": 2,
      "d2": 6,
      "code": "184",
      "name": "장기미수금(출금)",
      "is_hide": true,
      "is_special": false,
      "description": "장기미수금"
    }
  },
  {
    "model": "rebs.accountsubd3",
    "pk": 178,
    "fields": {
      "sort": 2,
      "d2": 6,
      "code": "185",
      "name": "이연법인세자산(출금)",
      "is_hide": true,
      "is_special": false,
      "description": "이연법인세자산"
    }
  },
  {
    "model": "rebs.accountsubd3",
    "pk": 179,
    "fields": {
      "sort": 2,
      "d2": 7,
      "code": "211",
      "name": "매입채무(출금)",
      "is_hide": true,
      "is_special": false,
      "description": "물품 등을 구입하고 그 대금을 나중에 지급하기로 한 것"
    }
  },
  {
    "model": "rebs.accountsubd3",
    "pk": 180,
    "fields": {
      "sort": 2,
      "d2": 7,
      "code": "226",
      "name": "[상환] - 관계회사 차입금",
      "is_hide": false,
      "is_special": false,
      "description": "관계회사 차입금"
    }
  },
  {
    "model": "rebs.accountsubd3",
    "pk": 181,
    "fields": {
      "sort": 2,
      "d2": 7,
      "code": "212",
      "name": "[상환] - 단기차입금",
      "is_hide": false,
      "is_special": false,
      "description": "1년 이내에 상환하여야 하는 차입금"
    }
  },
  {
    "model": "rebs.accountsubd3",
    "pk": 182,
    "fields": {
      "sort": 2,
      "d2": 7,
      "code": "213",
      "name": "미지급금(출금)",
      "is_hide": true,
      "is_special": false,
      "description": "고정자산 등을 구입하고 그 대금을 나중에 지급하기로 한 것"
    }
  },
  {
    "model": "rebs.accountsubd3",
    "pk": 183,
    "fields": {
      "sort": 2,
      "d2": 7,
      "code": "214",
      "name": "예수금(출금)",
      "is_hide": true,
      "is_special": false,
      "description": "갑근세, 국민연금, 건강보험 등을 근로자로부터 미리 받아둔 것"
    }
  },
  {
    "model": "rebs.accountsubd3",
    "pk": 184,
    "fields": {
      "sort": 2,
      "d2": 7,
      "code": "215",
      "name": "[환불] - 부가세예수금",
      "is_hide": true,
      "is_special": false,
      "description": "매출 시 매입자로부터 받아 둔 부가가치세"
    }
  },
  {
    "model": "rebs.accountsubd3",
    "pk": 185,
    "fields": {
      "sort": 2,
      "d2": 7,
      "code": "221",
      "name": "[반환] - 가수금",
      "is_hide": false,
      "is_special": false,
      "description": "대표이사로부터 일시 차입한 돈"
    }
  },
  {
    "model": "rebs.accountsubd3",
    "pk": 186,
    "fields": {
      "sort": 2,
      "d2": 7,
      "code": "222",
      "name": "[반환] - 선수금",
      "is_hide": false,
      "is_special": false,
      "description": "제품을 인도하기 전 그 대금을 미리 받은 것"
    }
  },
  {
    "model": "rebs.accountsubd3",
    "pk": 187,
    "fields": {
      "sort": 2,
      "d2": 7,
      "code": "223",
      "name": "미지급비용(출금)",
      "is_hide": true,
      "is_special": false,
      "description": "비용과 관련하여 그 대금을 나중에 지급하기로 한 것"
    }
  },
  {
    "model": "rebs.accountsubd3",
    "pk": 188,
    "fields": {
      "sort": 2,
      "d2": 7,
      "code": "224",
      "name": "미지급세금(출금)",
      "is_hide": true,
      "is_special": false,
      "description": "법인세 등의 미지급액"
    }
  },
  {
    "model": "rebs.accountsubd3",
    "pk": 189,
    "fields": {
      "sort": 2,
      "d2": 7,
      "code": "225",
      "name": "이연법인세부채(출금)",
      "is_hide": true,
      "is_special": false,
      "description": "이연법인세부채"
    }
  },
  {
    "model": "rebs.accountsubd3",
    "pk": 190,
    "fields": {
      "sort": 2,
      "d2": 8,
      "code": "231",
      "name": "[상환] - 사채",
      "is_hide": false,
      "is_special": false,
      "description": "1년 이후에 상환예정인 회사채(개인사채가 아님)"
    }
  },
  {
    "model": "rebs.accountsubd3",
    "pk": 191,
    "fields": {
      "sort": 2,
      "d2": 8,
      "code": "232",
      "name": "[상환] - 장기차입금",
      "is_hide": false,
      "is_special": false,
      "description": "상환기간이 1년을 초과하는 차입금"
    }
  },
  {
    "model": "rebs.accountsubd3",
    "pk": 192,
    "fields": {
      "sort": 2,
      "d2": 8,
      "code": "233",
      "name": "신주인수권부사채(출금)",
      "is_hide": true,
      "is_special": true,
      "description": "신주인수권부사채"
    }
  },
  {
    "model": "rebs.accountsubd3",
    "pk": 193,
    "fields": {
      "sort": 2,
      "d2": 8,
      "code": "234",
      "name": "전환사채(출금)",
      "is_hide": true,
      "is_special": false,
      "description": "전환사채"
    }
  },
  {
    "model": "rebs.accountsubd3",
    "pk": 194,
    "fields": {
      "sort": 2,
      "d2": 8,
      "code": "235",
      "name": "퇴직급여충당부채(출금)",
      "is_hide": true,
      "is_special": false,
      "description": "퇴직급여충당부채"
    }
  },
  {
    "model": "rebs.accountsubd3",
    "pk": 195,
    "fields": {
      "sort": 2,
      "d2": 9,
      "code": "511",
      "name": "[자사주매입] - 보통주자본금",
      "is_hide": true,
      "is_special": false,
      "description": "법인의 경우 납입자본금(보통주)"
    }
  },
  {
    "model": "rebs.accountsubd3",
    "pk": 196,
    "fields": {
      "sort": 2,
      "d2": 9,
      "code": "512",
      "name": "[자사주매입] - 우선주자본금",
      "is_hide": true,
      "is_special": false,
      "description": "법인의 경우 납입자본금(우선주)"
    }
  },
  {
    "model": "rebs.accountsubd3",
    "pk": 197,
    "fields": {
      "sort": 2,
      "d2": 10,
      "code": "521",
      "name": "자본잉여금(출금)",
      "is_hide": true,
      "is_special": false,
      "description": "주식발행초과금, 감자이익"
    }
  },
  {
    "model": "rebs.accountsubd3",
    "pk": 198,
    "fields": {
      "sort": 2,
      "d2": 11,
      "code": "531",
      "name": "이익준비금(출금)",
      "is_hide": true,
      "is_special": false,
      "description": "이익잉여금의 처분으로 사내에 유보된 금액"
    }
  },
  {
    "model": "rebs.accountsubd3",
    "pk": 199,
    "fields": {
      "sort": 2,
      "d2": 11,
      "code": "532",
      "name": "기업합리화적립금(출금)",
      "is_hide": true,
      "is_special": false,
      "description": "기업합리화 적립금"
    }
  },
  {
    "model": "rebs.accountsubd3",
    "pk": 200,
    "fields": {
      "sort": 2,
      "d2": 11,
      "code": "533",
      "name": "임의적립금(출금)",
      "is_hide": true,
      "is_special": false,
      "description": "이익잉여금의 처분으로 임의로 사내에 유보한 금액"
    }
  },
  {
    "model": "rebs.accountsubd3",
    "pk": 201,
    "fields": {
      "sort": 2,
      "d2": 11,
      "code": "534",
      "name": "이월이익잉여금(출금)",
      "is_hide": true,
      "is_special": false,
      "description": "다음 사업연도로 이월하는 이익 잉여금"
    }
  },
  {
    "model": "rebs.accountsubd3",
    "pk": 202,
    "fields": {
      "sort": 2,
      "d2": 11,
      "code": "535",
      "name": "미처분이익잉여금(출금)",
      "is_hide": true,
      "is_special": false,
      "description": "미처분이익잉여금"
    }
  },
  {
    "model": "rebs.accountsubd3",
    "pk": 203,
    "fields": {
      "sort": 2,
      "d2": 11,
      "code": "536",
      "name": "미처리결손금(출금)",
      "is_hide": true,
      "is_special": false,
      "description": "미처리결손금"
    }
  },
  {
    "model": "rebs.accountsubd3",
    "pk": 204,
    "fields": {
      "sort": 2,
      "d2": 12,
      "code": "541",
      "name": "주식할인발행차금(출금)",
      "is_hide": true,
      "is_special": false,
      "description": "주식할인발행차금"
    }
  },
  {
    "model": "rebs.accountsubd3",
    "pk": 205,
    "fields": {
      "sort": 2,
      "d2": 12,
      "code": "542",
      "name": "자기주식(출금)",
      "is_hide": true,
      "is_special": false,
      "description": "자기주식"
    }
  },
  {
    "model": "rebs.accountsubd3",
    "pk": 206,
    "fields": {
      "sort": 2,
      "d2": 12,
      "code": "543",
      "name": "주식매수선택권(출금)",
      "is_hide": true,
      "is_special": false,
      "description": "주식매수선택권"
    }
  },
  {
    "model": "rebs.accountsubd3",
    "pk": 207,
    "fields": {
      "sort": 2,
      "d2": 12,
      "code": "544",
      "name": "출자전환채무(출금)",
      "is_hide": true,
      "is_special": false,
      "description": "출자전환채무"
    }
  },
  {
    "model": "rebs.accountsubd3",
    "pk": 208,
    "fields": {
      "sort": 2,
      "d2": 12,
      "code": "545",
      "name": "감자차손(출금)",
      "is_hide": true,
      "is_special": false,
      "description": "감자차손"
    }
  },
  {
    "model": "rebs.accountsubd3",
    "pk": 209,
    "fields": {
      "sort": 2,
      "d2": 12,
      "code": "546",
      "name": "자기주식처분손실(출금)",
      "is_hide": true,
      "is_special": false,
      "description": "자기주식처분손실"
    }
  },
  {
    "model": "rebs.accountsubd3",
    "pk": 210,
    "fields": {
      "sort": 2,
      "d2": 13,
      "code": "551",
      "name": "매도가능증권평가이익(출금)",
      "is_hide": true,
      "is_special": false,
      "description": "매도가능증권평가이익"
    }
  },
  {
    "model": "rebs.accountsubd3",
    "pk": 211,
    "fields": {
      "sort": 2,
      "d2": 13,
      "code": "552",
      "name": "해외사업환산손익(출금)",
      "is_hide": true,
      "is_special": false,
      "description": "해외사업환산손익"
    }
  },
  {
    "model": "rebs.projectaccountd2",
    "pk": 1,
    "fields": {
      "d1": 4,
      "code": "810",
      "name": "분양수입금",
      "description": "매출금 - 일반분양 등"
    }
  },
  {
    "model": "rebs.projectaccountd2",
    "pk": 2,
    "fields": {
      "d1": 3,
      "code": "210",
      "name": "분(부)담금",
      "description": "출자금 (조합 등 형태인 경우)"
    }
  },
  {
    "model": "rebs.projectaccountd2",
    "pk": 3,
    "fields": {
      "d1": 2,
      "code": "110",
      "name": "차입금",
      "description": "브리지, PF대출, 중도금 등 기타"
    }
  },
  {
    "model": "rebs.projectaccountd2",
    "pk": 4,
    "fields": {
      "d1": 1,
      "code": "310",
      "name": "기타자산",
      "description": "공탁금, 보증금, 예치금, 대여금 등"
    }
  },
  {
    "model": "rebs.projectaccountd2",
    "pk": 5,
    "fields": {
      "d1": 4,
      "code": "820",
      "name": "영업외 수익",
      "description": "영업외 수익, 이자, 위약금 등 기타 수입"
    }
  },
  {
    "model": "rebs.projectaccountd2",
    "pk": 6,
    "fields": {
      "d1": 5,
      "code": "610",
      "name": "토지비",
      "description": "토지매입비 및  관련 부대비용"
    }
  },
  {
    "model": "rebs.projectaccountd2",
    "pk": 7,
    "fields": {
      "d1": 5,
      "code": "620",
      "name": "건축비",
      "description": "건축 공사비"
    }
  },
  {
    "model": "rebs.projectaccountd2",
    "pk": 8,
    "fields": {
      "d1": 5,
      "code": "630",
      "name": "판매비",
      "description": "분양 광고 홍보비 등"
    }
  },
  {
    "model": "rebs.projectaccountd2",
    "pk": 9,
    "fields": {
      "d1": 5,
      "code": "640",
      "name": "부대비",
      "description": "기타 부대비용"
    }
  },
  {
    "model": "rebs.projectaccountd2",
    "pk": 10,
    "fields": {
      "d1": 5,
      "code": "660",
      "name": "금융비",
      "description": "대출 수수료, 이자 등"
    }
  },
  {
    "model": "rebs.projectaccountd2",
    "pk": 11,
    "fields": {
      "d1": 5,
      "code": "680",
      "name": "영업외 비용",
      "description": "영업외 비용, 원천세, 위약금 등 기타 손실"
    }
  },
  {
    "model": "rebs.projectaccountd2",
    "pk": 12,
    "fields": {
      "d1": 6,
      "code": "510",
      "name": "대체",
      "description": "계좌간 이체로 인한 입출금"
    }
  },
  {
    "model": "rebs.projectaccountd2",
    "pk": 13,
    "fields": {
      "d1": 7,
      "code": "410",
      "name": "취소",
      "description": "거래 취소로 인한 출금 및 입금거래"
    }
  },
  {
    "model": "rebs.projectaccountd3",
    "pk": 1,
    "fields": {
      "sort": 1,
      "d2": 1,
      "code": "811",
      "name": "분양수입금",
      "description": "매출금 - 일반분양 등"
    }
  },
  {
    "model": "rebs.projectaccountd3",
    "pk": 2,
    "fields": {
      "sort": 1,
      "d2": 1,
      "code": "812",
      "name": "분양수입금(환불처리건)",
      "description": "해지 환불 처리된 입금 건"
    }
  },
  {
    "model": "rebs.projectaccountd3",
    "pk": 3,
    "fields": {
      "sort": 2,
      "d2": 1,
      "code": "813",
      "name": "[환불]→분양수입금",
      "description": "계약 해지 등으로 인한 환불"
    }
  },
  {
    "model": "rebs.projectaccountd3",
    "pk": 4,
    "fields": {
      "sort": 1,
      "d2": 2,
      "code": "211",
      "name": "분(부)담금",
      "description": "출자금 (조합 등 형태인 경우)"
    }
  },
  {
    "model": "rebs.projectaccountd3",
    "pk": 5,
    "fields": {
      "sort": 1,
      "d2": 2,
      "code": "212",
      "name": "분(부)담금(환불처리건)",
      "description": "해지 환불 처리된 입금 건"
    }
  },
  {
    "model": "rebs.projectaccountd3",
    "pk": 6,
    "fields": {
      "sort": 2,
      "d2": 2,
      "code": "211",
      "name": "[환불]→분(부)담금",
      "description": "계약 해지 등으로 인한 환불"
    }
  },
  {
    "model": "rebs.projectaccountd3",
    "pk": 7,
    "fields": {
      "sort": 1,
      "d2": 3,
      "code": "111",
      "name": "차입금(브리지)",
      "description": "브리지 대출"
    }
  },
  {
    "model": "rebs.projectaccountd3",
    "pk": 8,
    "fields": {
      "sort": 1,
      "d2": 3,
      "code": "112",
      "name": "차입금(PF대출)",
      "description": "PF 대출"
    }
  },
  {
    "model": "rebs.projectaccountd3",
    "pk": 9,
    "fields": {
      "sort": 1,
      "d2": 3,
      "code": "113",
      "name": "차입금(기타)",
      "description": "기타 차입금"
    }
  },
  {
    "model": "rebs.projectaccountd3",
    "pk": 10,
    "fields": {
      "sort": 2,
      "d2": 3,
      "code": "114",
      "name": "[상환]→차입금(브리지)",
      "description": "브리지 대출 상환"
    }
  },
  {
    "model": "rebs.projectaccountd3",
    "pk": 11,
    "fields": {
      "sort": 2,
      "d2": 3,
      "code": "115",
      "name": "[상환]→차입금(PF대출)",
      "description": "PF 대출 상환"
    }
  },
  {
    "model": "rebs.projectaccountd3",
    "pk": 12,
    "fields": {
      "sort": 2,
      "d2": 3,
      "code": "116",
      "name": "[상환]→차입금(기타)",
      "description": "기타 차입금 상환"
    }
  },
  {
    "model": "rebs.projectaccountd3",
    "pk": 13,
    "fields": {
      "sort": 2,
      "d2": 4,
      "code": "314",
      "name": "기타자산(법원공탁금)",
      "description": "가압류, 강제집행 정지 신청 공탁금 등"
    }
  },
  {
    "model": "rebs.projectaccountd3",
    "pk": 14,
    "fields": {
      "sort": 2,
      "d2": 4,
      "code": "315",
      "name": "기타자산(보증금·예치금)",
      "description": "보증금, 예치금 등 회수 예정 자산"
    }
  },
  {
    "model": "rebs.projectaccountd3",
    "pk": 15,
    "fields": {
      "sort": 2,
      "d2": 4,
      "code": "316",
      "name": "기타자산(대여·가지급금)",
      "description": "기타 대여금, 가지급금 등"
    }
  },
  {
    "model": "rebs.projectaccountd3",
    "pk": 16,
    "fields": {
      "sort": 1,
      "d2": 4,
      "code": "311",
      "name": "[회수]→기타자산(법원공탁금)",
      "description": "공탁금 회수"
    }
  },
  {
    "model": "rebs.projectaccountd3",
    "pk": 17,
    "fields": {
      "sort": 1,
      "d2": 4,
      "code": "312",
      "name": "[회수]→기타자산(보증금·예치금)",
      "description": "보증금 등 회수"
    }
  },
  {
    "model": "rebs.projectaccountd3",
    "pk": 18,
    "fields": {
      "sort": 1,
      "d2": 4,
      "code": "313",
      "name": "[회수]→기타자산(대여·가지급금)",
      "description": "대여금 회수"
    }
  },
  {
    "model": "rebs.projectaccountd3",
    "pk": 19,
    "fields": {
      "sort": 1,
      "d2": 5,
      "code": "821",
      "name": "영업외 수익(이자수입)",
      "description": "이자 수입"
    }
  },
  {
    "model": "rebs.projectaccountd3",
    "pk": 20,
    "fields": {
      "sort": 1,
      "d2": 5,
      "code": "822",
      "name": "영업외 수익(기타잡수입)",
      "description": "기타 잡수입"
    }
  },
  {
    "model": "rebs.projectaccountd3",
    "pk": 21,
    "fields": {
      "sort": 1,
      "d2": 5,
      "code": "823",
      "name": "영업외 수익(위약금수입)",
      "description": "위약금 수익"
    }
  },
  {
    "model": "rebs.projectaccountd3",
    "pk": 22,
    "fields": {
      "sort": 2,
      "d2": 6,
      "code": "611",
      "name": "토지매입비",
      "description": "토지매입비"
    }
  },
  {
    "model": "rebs.projectaccountd3",
    "pk": 23,
    "fields": {
      "sort": 2,
      "d2": 6,
      "code": "612",
      "name": "취등록세",
      "description": "취등록세"
    }
  },
  {
    "model": "rebs.projectaccountd3",
    "pk": 24,
    "fields": {
      "sort": 2,
      "d2": 6,
      "code": "613",
      "name": "등기대행료(법무사)",
      "description": "법무사 등기대행 용역비"
    }
  },
  {
    "model": "rebs.projectaccountd3",
    "pk": 25,
    "fields": {
      "sort": 2,
      "d2": 6,
      "code": "614",
      "name": "매입관련 용역비",
      "description": "매입 용역비"
    }
  },
  {
    "model": "rebs.projectaccountd3",
    "pk": 26,
    "fields": {
      "sort": 2,
      "d2": 7,
      "code": "621",
      "name": "직접공사비",
      "description": "공사비"
    }
  },
  {
    "model": "rebs.projectaccountd3",
    "pk": 27,
    "fields": {
      "sort": 2,
      "d2": 7,
      "code": "622",
      "name": "각종 인입비",
      "description": "각종인입비"
    }
  },
  {
    "model": "rebs.projectaccountd3",
    "pk": 28,
    "fields": {
      "sort": 2,
      "d2": 7,
      "code": "623",
      "name": "예술장식품비",
      "description": "예술장식품비"
    }
  },
  {
    "model": "rebs.projectaccountd3",
    "pk": 29,
    "fields": {
      "sort": 2,
      "d2": 7,
      "code": "624",
      "name": "상하수도분담금",
      "description": "상하수도분담금"
    }
  },
  {
    "model": "rebs.projectaccountd3",
    "pk": 30,
    "fields": {
      "sort": 2,
      "d2": 7,
      "code": "625",
      "name": "이주철거비",
      "description": "이주철거비"
    }
  },
  {
    "model": "rebs.projectaccountd3",
    "pk": 31,
    "fields": {
      "sort": 2,
      "d2": 7,
      "code": "626",
      "name": "건축허가조건이행공사비",
      "description": "건축허가조건이행공사비"
    }
  },
  {
    "model": "rebs.projectaccountd3",
    "pk": 32,
    "fields": {
      "sort": 2,
      "d2": 7,
      "code": "627",
      "name": "설계용역비",
      "description": "설계용역비"
    }
  },
  {
    "model": "rebs.projectaccountd3",
    "pk": 33,
    "fields": {
      "sort": 2,
      "d2": 7,
      "code": "628",
      "name": "감리용역비",
      "description": "감리용역비"
    }
  },
  {
    "model": "rebs.projectaccountd3",
    "pk": 34,
    "fields": {
      "sort": 2,
      "d2": 7,
      "code": "629",
      "name": "기타용역비",
      "description": "기타용역비"
    }
  },
  {
    "model": "rebs.projectaccountd3",
    "pk": 35,
    "fields": {
      "sort": 2,
      "d2": 8,
      "code": "631",
      "name": "M/H 부지임차료",
      "description": "M/H 부지임차료"
    }
  },
  {
    "model": "rebs.projectaccountd3",
    "pk": 36,
    "fields": {
      "sort": 2,
      "d2": 8,
      "code": "632",
      "name": "M/H 건립/해체비",
      "description": "M/H 건립/해체비"
    }
  },
  {
    "model": "rebs.projectaccountd3",
    "pk": 37,
    "fields": {
      "sort": 2,
      "d2": 8,
      "code": "633",
      "name": "M/H 운영비",
      "description": "M/H 운영비"
    }
  },
  {
    "model": "rebs.projectaccountd3",
    "pk": 38,
    "fields": {
      "sort": 2,
      "d2": 8,
      "code": "634",
      "name": "분양보증 수수료(APT)",
      "description": "분양보증 수수료(APT)"
    }
  },
  {
    "model": "rebs.projectaccountd3",
    "pk": 39,
    "fields": {
      "sort": 2,
      "d2": 8,
      "code": "635",
      "name": "분양보증 수수료(기타)",
      "description": "분양보증 수수료(기타)"
    }
  },
  {
    "model": "rebs.projectaccountd3",
    "pk": 40,
    "fields": {
      "sort": 2,
      "d2": 8,
      "code": "636",
      "name": "광고홍보비",
      "description": "광고홍보비"
    }
  },
  {
    "model": "rebs.projectaccountd3",
    "pk": 41,
    "fields": {
      "sort": 2,
      "d2": 8,
      "code": "637",
      "name": "분양수수료",
      "description": "분양수수료"
    }
  },
  {
    "model": "rebs.projectaccountd3",
    "pk": 42,
    "fields": {
      "sort": 2,
      "d2": 8,
      "code": "638",
      "name": "기타 마케팅 촉진비용",
      "description": "기타 마케팅 촉진비용"
    }
  },
  {
    "model": "rebs.projectaccountd3",
    "pk": 43,
    "fields": {
      "sort": 2,
      "d2": 9,
      "code": "641",
      "name": "시행자 운영비",
      "description": "시행자 운영비"
    }
  },
  {
    "model": "rebs.projectaccountd3",
    "pk": 44,
    "fields": {
      "sort": 2,
      "d2": 9,
      "code": "642",
      "name": "신탁수수료",
      "description": "신탁수수료"
    }
  },
  {
    "model": "rebs.projectaccountd3",
    "pk": 45,
    "fields": {
      "sort": 2,
      "d2": 9,
      "code": "643",
      "name": "입주관리비",
      "description": "입주관리비"
    }
  },
  {
    "model": "rebs.projectaccountd3",
    "pk": 46,
    "fields": {
      "sort": 2,
      "d2": 9,
      "code": "644",
      "name": "예비비 및 민원처리비",
      "description": "예비비 및 민원처리비"
    }
  },
  {
    "model": "rebs.projectaccountd3",
    "pk": 47,
    "fields": {
      "sort": 2,
      "d2": 9,
      "code": "645",
      "name": "업무대행료",
      "description": "업무대행료"
    }
  },
  {
    "model": "rebs.projectaccountd3",
    "pk": 48,
    "fields": {
      "sort": 2,
      "d2": 9,
      "code": "651",
      "name": "보존등기비",
      "description": "보존등기비"
    }
  },
  {
    "model": "rebs.projectaccountd3",
    "pk": 49,
    "fields": {
      "sort": 2,
      "d2": 9,
      "code": "652",
      "name": "광역교통시설분담금",
      "description": "광역교통시설분담금"
    }
  },
  {
    "model": "rebs.projectaccountd3",
    "pk": 50,
    "fields": {
      "sort": 2,
      "d2": 9,
      "code": "653",
      "name": "학교용지분담금",
      "description": "학교용지분담금"
    }
  },
  {
    "model": "rebs.projectaccountd3",
    "pk": 51,
    "fields": {
      "sort": 2,
      "d2": 9,
      "code": "654",
      "name": "재산세(종합토지세)",
      "description": "재산세(종합토지세)"
    }
  },
  {
    "model": "rebs.projectaccountd3",
    "pk": 52,
    "fields": {
      "sort": 2,
      "d2": 9,
      "code": "655",
      "name": "지방교육세",
      "description": "지방교육세"
    }
  },
  {
    "model": "rebs.projectaccountd3",
    "pk": 53,
    "fields": {
      "sort": 2,
      "d2": 9,
      "code": "656",
      "name": "과밀부담금",
      "description": "과밀부담금"
    }
  },
  {
    "model": "rebs.projectaccountd3",
    "pk": 54,
    "fields": {
      "sort": 2,
      "d2": 9,
      "code": "657",
      "name": "기반시설 설치비용",
      "description": "기반시설 설치비용"
    }
  },
  {
    "model": "rebs.projectaccountd3",
    "pk": 55,
    "fields": {
      "sort": 2,
      "d2": 9,
      "code": "658",
      "name": "농지(산림)전용 부담금",
      "description": "농지(산림)전용 부담금"
    }
  },
  {
    "model": "rebs.projectaccountd3",
    "pk": 56,
    "fields": {
      "sort": 2,
      "d2": 9,
      "code": "659",
      "name": "기타 부담금",
      "description": "기타 부담금"
    }
  },
  {
    "model": "rebs.projectaccountd3",
    "pk": 57,
    "fields": {
      "sort": 2,
      "d2": 10,
      "code": "661",
      "name": "브리지 수수료",
      "description": "브리지 수수료"
    }
  },
  {
    "model": "rebs.projectaccountd3",
    "pk": 58,
    "fields": {
      "sort": 2,
      "d2": 10,
      "code": "662",
      "name": "브리지 이자",
      "description": "브리지 이자"
    }
  },
  {
    "model": "rebs.projectaccountd3",
    "pk": 59,
    "fields": {
      "sort": 2,
      "d2": 10,
      "code": "663",
      "name": "PF대출 수수료",
      "description": "PF대출 수수료"
    }
  },
  {
    "model": "rebs.projectaccountd3",
    "pk": 60,
    "fields": {
      "sort": 2,
      "d2": 10,
      "code": "664",
      "name": "PF대출 이자",
      "description": "PF대출 이자"
    }
  },
  {
    "model": "rebs.projectaccountd3",
    "pk": 61,
    "fields": {
      "sort": 2,
      "d2": 10,
      "code": "665",
      "name": "중도금 무이자",
      "description": "중도금 무이자"
    }
  },
  {
    "model": "rebs.projectaccountd3",
    "pk": 62,
    "fields": {
      "sort": 2,
      "d2": 10,
      "code": "666",
      "name": "중도금 후불제",
      "description": "중도금 후불제"
    }
  },
  {
    "model": "rebs.projectaccountd3",
    "pk": 63,
    "fields": {
      "sort": 2,
      "d2": 10,
      "code": "667",
      "name": "기타 금융비",
      "description": "기타 금융비"
    }
  },
  {
    "model": "rebs.projectaccountd3",
    "pk": 64,
    "fields": {
      "sort": 2,
      "d2": 11,
      "code": "681",
      "name": "영업외 비용(원천세)",
      "description": "원천세"
    }
  },
  {
    "model": "rebs.projectaccountd3",
    "pk": 65,
    "fields": {
      "sort": 2,
      "d2": 11,
      "code": "682",
      "name": "영업외 비용(기타잡손실)",
      "description": "기타 잡손실"
    }
  },
  {
    "model": "rebs.projectaccountd3",
    "pk": 66,
    "fields": {
      "sort": 2,
      "d2": 11,
      "code": "683",
      "name": "영업외 비용(위약금비용)",
      "description": "위약금 손실"
    }
  },
  {
    "model": "rebs.projectaccountd3",
    "pk": 67,
    "fields": {
      "sort": 2,
      "d2": 12,
      "code": "512",
      "name": "대체(출금)",
      "description": "계좌간 이체로 인한 출금 거래"
    }
  },
  {
    "model": "rebs.projectaccountd3",
    "pk": 68,
    "fields": {
      "sort": 1,
      "d2": 12,
      "code": "511",
      "name": "대체(입금)",
      "description": "계좌간 이체로 인한 입금 거래"
    }
  },
  {
    "model": "rebs.projectaccountd3",
    "pk": 69,
    "fields": {
      "sort": 2,
      "d2": 13,
      "code": "412",
      "name": "거래취소(출금)",
      "description": "거래 취소로 인한 출금거래"
    }
  },
  {
    "model": "rebs.projectaccountd3",
    "pk": 70,
    "fields": {
      "sort": 1,
      "d2": 13,
      "code": "411",
      "name": "거래취소(입금)",
      "description": "거래 취소로 인한 임급거래"
    }
  },
  {
    "model": "rebs.wisesaying",
    "pk": 1,
    "fields": {
      "saying_ko": "만물은 변화다. 우리의 삶이란 우리의 생각이 변화를 만드는 (과정)이다.",
      "saying_en": "The universe is change; our life is what our thoughts make it.",
      "spoked_by": "Marcus Aurelius Antoninus"
    }
  },
  {
    "model": "rebs.wisesaying",
    "pk": 2,
    "fields": {
      "saying_ko": "우연은 항상 강력하다. 항상 낚싯 바늘을 던져두라. 전혀 기대하지 않은 곳에 물고기가 있을 것이다.",
      "saying_en": "Chance is always powerful. Let your hook be always cast; in the pool where you least expect it, there will be a fish.",
      "spoked_by": "Ovid"
    }
  },
  {
    "model": "rebs.wisesaying",
    "pk": 3,
    "fields": {
      "saying_ko": "군자는 자신에게서 구하고, 소인은 남에게서 구한다. (君子求諸己 小人求諸人 / 군자구제기 소인구제인)",
      "saying_en": "What the superior man seeks is in himself. What the mean man seeks is in others.",
      "spoked_by": "Confucius"
    }
  },
  {
    "model": "rebs.wisesaying",
    "pk": 4,
    "fields": {
      "saying_ko": "작은 변화가 일어날 때 진정한 삶을 살게 된다.",
      "saying_en": "True life is lived when tiny changes occur.",
      "spoked_by": "Leo Tolstoy"
    }
  },
  {
    "model": "rebs.wisesaying",
    "pk": 5,
    "fields": {
      "saying_ko": "신은 우리가 성공할 것을 요구하지 않는다. 우리가 노력할 것을 요구할 뿐이다.",
      "saying_en": "God doesn't require us to succeed; he only requires that you try.",
      "spoked_by": "Mother Teresa"
    }
  },
  {
    "model": "rebs.wisesaying",
    "pk": 6,
    "fields": {
      "saying_ko": "과거는 지식의 원천이며, 미래는 희망의 원천이다. 과거에 대한 사랑에는 미래에 대한 믿음이 담겨있다.",
      "saying_en": "The past is a source of knowledge, and the future is a source of hope. Love of the past implies faith in the future.",
      "spoked_by": "Stephen Ambrose"
    }
  },
  {
    "model": "rebs.wisesaying",
    "pk": 7,
    "fields": {
      "saying_ko": "범인은 자신보다 뛰어난 사람을 알아보지 못하지만 재능을 가진 사람은 천재를 즉시 알아본다.",
      "saying_en": "Mediocrity knows nothing higher than itself, but talent instantly recognizes genius.",
      "spoked_by": "Sir Arthur Conan Doyle"
    }
  },
  {
    "model": "rebs.wisesaying",
    "pk": 8,
    "fields": {
      "saying_ko": "나는 폭풍이 두렵지 않다. 나의 배로 항해하는 법을 배우고 있으니까.",
      "saying_en": "I am not afraid of storms for I am learning how to sail my ship.",
      "spoked_by": "Helen Keller"
    }
  },
  {
    "model": "rebs.wisesaying",
    "pk": 9,
    "fields": {
      "saying_ko": "독서할 때 당신은 항상 가장 좋은 친구와 함께 있다.",
      "saying_en": "Live always in the best company when you read.",
      "spoked_by": "Sydney Smith"
    }
  },
  {
    "model": "rebs.wisesaying",
    "pk": 10,
    "fields": {
      "saying_ko": "떠날 때가 되었으니, 이제 각자의 길을 가자. 나는 죽기 위해서, 당신들은 살기 위해. 어느 편이 더 좋은 지는 오직 신만이 알 뿐이다.",
      "saying_en": "The hour of departure has arrived, and we go our ways - I to die, and you to live. Which is better God only knows.",
      "spoked_by": "Socrates"
    }
  },
  {
    "model": "rebs.wisesaying",
    "pk": 11,
    "fields": {
      "saying_ko": "들은 것은 잊어버리고, 본 것은 기억하고 직접 해본 것은 이해한다.",
      "saying_en": "I hear and I forget. I see and I remember. I do and I understand.",
      "spoked_by": "Confucius"
    }
  },
  {
    "model": "rebs.wisesaying",
    "pk": 12,
    "fields": {
      "saying_ko": "이 사랑의 꽃봉오리는 여름날 바람에 마냥 부풀었다가, 다음 만날 때엔 예쁘게 꽃필 거예요.",
      "saying_en": "This bud of love, by summer's ripening breath, May prove a beauteous flower when next we meet.",
      "spoked_by": "William Shakespeare"
    }
  },
  {
    "model": "rebs.wisesaying",
    "pk": 13,
    "fields": {
      "saying_ko": "만일 내게 나무를 베기 위해 한 시간만 주어진다면, 우선 나는 도끼를 가는데 45분을 쓸 것이다.",
      "saying_en": "If I only had an hour to chop down a tree, I would spend the first 45 minutes sharpening my axe.",
      "spoked_by": "Abraham Lincoln"
    }
  },
  {
    "model": "rebs.wisesaying",
    "pk": 14,
    "fields": {
      "saying_ko": "진정으로 웃으려면 고통을 참아야 하며, 나아가 고통을 즐길 줄 알아야 해!",
      "saying_en": "To truly laugh, you must be able to take your pain, and play with it!",
      "spoked_by": "Charlie Chaplin"
    }
  },
  {
    "model": "rebs.wisesaying",
    "pk": 15,
    "fields": {
      "saying_ko": "다른 사람이 가져오는 변화나 더 좋은 시기를 기다리기만 한다면 결국 변화는 오지 않을 것이다. 우리 자신이 바로 우리가 기다리던 사람들이다. 우리 자신이 바로 우리가 찾는 변화다.",
      "saying_en": "Change will not come if we wait for some other person or some other time. We are the ones we've been waiting for. We are the change that we seek.",
      "spoked_by": "Barack Obama"
    }
  },
  {
    "model": "rebs.wisesaying",
    "pk": 16,
    "fields": {
      "saying_ko": "어진 사람은 난관의 극복을 제일 중요한 일로 생각하고, 성공 여부는 부차적인 것으로 본다.",
      "saying_en": "The man of virtue makes the difficulty to be overcome his first business, and success only a subsequent consideration.",
      "spoked_by": "Confucius"
    }
  },
  {
    "model": "rebs.wisesaying",
    "pk": 17,
    "fields": {
      "saying_ko": "인간은 운명의 포로가 아니라 단지 자기 마음의 포로일 뿐이다.",
      "saying_en": "Men are not prisoners of fate, but only prisoners of their own minds.",
      "spoked_by": "Franklin D. Roosevelt"
    }
  },
  {
    "model": "rebs.wisesaying",
    "pk": 18,
    "fields": {
      "saying_ko": "이상적인 인간은 삶의 불행을 위엄과 품위를 잃지 않고 견뎌내 긍정적인 태도로 그 상황을 최대한 이용한다.",
      "saying_en": "The ideal man bears the accidents of life with dignity and grace, making the best of circumstances.",
      "spoked_by": "Aristotle"
    }
  },
  {
    "model": "rebs.wisesaying",
    "pk": 19,
    "fields": {
      "saying_ko": "멈추지 말고 한 가지 목표에 매진하라. 그것이 성공의 비결이다.",
      "saying_en": "To follow, without halt, one aim: There's the secret of success.",
      "spoked_by": "Anna Pavlova"
    }
  },
  {
    "model": "rebs.wisesaying",
    "pk": 20,
    "fields": {
      "saying_ko": "우리에게는 존재하지 않는 것들을 꿈꿀 수 있는 사람들이 필요하다.",
      "saying_en": "We need men who can dream of things that never were.",
      "spoked_by": "John F. Kennedy"
    }
  },
  {
    "model": "rebs.wisesaying",
    "pk": 21,
    "fields": {
      "saying_ko": "희망차게 여행하는 것이 목적지에 도착하는 것보다 좋다.",
      "saying_en": "To travel hopefully is a better thing than to arrive.",
      "spoked_by": "Robert Louis Stevenson"
    }
  },
  {
    "model": "rebs.wisesaying",
    "pk": 22,
    "fields": {
      "saying_ko": "가지고 있는 어떤 재주든 사용하라. 노래를 가장 잘하는 새들만 지저귀면 숲은 너무도 적막할 것이다.",
      "saying_en": "Use what talents you possess: the woods would be very silent if no birds sang there except those that sang best.",
      "spoked_by": "Henry Van Dyke"
    }
  },
  {
    "model": "rebs.wisesaying",
    "pk": 23,
    "fields": {
      "saying_ko": "우리는 오늘은 이러고 있지만, 내일은 어떻게 될지 누가 알아요?",
      "saying_en": "We know what we are, but not what we may be.",
      "spoked_by": "William Shakespeare"
    }
  },
  {
    "model": "rebs.wisesaying",
    "pk": 24,
    "fields": {
      "saying_ko": "인생을 살아가는 데는 오직 두가지 방법밖에 없다. 하나는 아무것도 기적이 아닌 것처럼, 다른 하나는 모든 것이 기적인 것처럼 살아가는 것이다.",
      "saying_en": "There are only two ways to live your life. One is as though nothing is a miracle. The other is as though everything is.",
      "spoked_by": "Albert Einstein"
    }
  },
  {
    "model": "rebs.wisesaying",
    "pk": 25,
    "fields": {
      "saying_ko": "성숙이란 어릴 때 놀이에 열중하던 진지함을 다시 발견하는 데 있다.",
      "saying_en": "Maturity consists in having rediscovered the seriousness one had as a child at play.",
      "spoked_by": "Friedrich Nietzsche"
    }
  },
  {
    "model": "rebs.wisesaying",
    "pk": 26,
    "fields": {
      "saying_ko": "어떤 것을 완전히 알려거든 그것을 다른 이에게 가르쳐라.",
      "saying_en": "If you would thoroughly know anything, teach it to others.",
      "spoked_by": "Tryon Edwards"
    }
  },
  {
    "model": "rebs.wisesaying",
    "pk": 27,
    "fields": {
      "saying_ko": "품질이 물량보다 더 중요합니다. 한 번의 홈런이 두 번의 2루타보다 나아요.",
      "saying_en": "Quality is more important than quantity. One home run is much better than two doubles.",
      "spoked_by": "Steve Jobs"
    }
  },
  {
    "model": "rebs.wisesaying",
    "pk": 28,
    "fields": {
      "saying_ko": "많은 경우 사람들은 원하는 것을 보여주기 전까지는 무엇을 원하는 지도 모른다.",
      "saying_en": "A lot of times, people don't know what they want until you show it to them.",
      "spoked_by": "Steve Jobs"
    }
  },
  {
    "model": "rebs.wisesaying",
    "pk": 29,
    "fields": {
      "saying_ko": "디자인은 제품이나 서비스의 연속적인 외층에 표현되는 인간 창조물의 영혼입니다.",
      "saying_en": "Design is the fundamental soul of a human-made creation that ends up expressing itself in successive outer layers of the product or service.",
      "spoked_by": "Steve Jobs"
    }
  },
  {
    "model": "rebs.wisesaying",
    "pk": 30,
    "fields": {
      "saying_ko": "늘 명심하라. 성공하겠다는 너 자신의 결심이 다른 어떤 것보다 중요하다는 것을.",
      "saying_en": "Always bear in mind that your own resolution to succeed is more important than any one thing.",
      "spoked_by": "Abraham Lincoln"
    }
  },
  {
    "model": "rebs.wisesaying",
    "pk": 31,
    "fields": {
      "saying_ko": "사람을 있는 그대로 받아들이면 그를 타락시킨다. 그가 될 수 있는 가능성을 통해 보면 그를 발전시킨다.",
      "saying_en": "When you take a man as he is, you make him worse. When you take a man as he can be, you make him better.",
      "spoked_by": "Johann Wolfgang von Goethe"
    }
  },
  {
    "model": "rebs.wisesaying",
    "pk": 32,
    "fields": {
      "saying_ko": "성공은 중요한 생일이 다가왔는데 당신은 전과 똑같다는 사실을 발견하는 것이다.",
      "saying_en": "Success is like reaching an important birthday and finding you're exactly the same.",
      "spoked_by": "Audrey Hepburn"
    }
  },
  {
    "model": "rebs.wisesaying",
    "pk": 33,
    "fields": {
      "saying_ko": "한 곳에서 불만인 사람이 다른 곳에서 행복하지는 않는다.",
      "saying_en": "He that is discontented in one place will seldom be happy in another.",
      "spoked_by": "Aesop"
    }
  },
  {
    "model": "rebs.wisesaying",
    "pk": 34,
    "fields": {
      "saying_ko": "벗이 먼 곳에서 찾아오면 또한 즐겁지 아니한가 (有朋自遠方來 不亦樂乎 / 유붕자원방래 불역락호)",
      "saying_en": "Isn't it great when friends visit from afar?",
      "spoked_by": "Confucius"
    }
  },
  {
    "model": "rebs.wisesaying",
    "pk": 35,
    "fields": {
      "saying_ko": "한 순간을 위해 내가 가진 모든 것을. (한 순간만 더 살수 있다면 내가 가진 모든 것을 내놓을텐데)",
      "saying_en": "All my possessions for a moment of time.",
      "spoked_by": "Elizabeth I"
    }
  },
  {
    "model": "rebs.wisesaying",
    "pk": 36,
    "fields": {
      "saying_ko": "성공한 사람이 아니라 가치있는 사람이 되기 위해 힘쓰라.",
      "saying_en": "Try not to become a man of success but rather try to become a man of value.",
      "spoked_by": "Albert Einstein"
    }
  },
  {
    "model": "rebs.wisesaying",
    "pk": 37,
    "fields": {
      "saying_ko": "나는 전투를 준비하면서 계획은 무용하나 계획하는 것은 꼭 필요함을 항상 발견해왔다.",
      "saying_en": "In preparing for battle I have always found that plans are useless, but planning is indispensable.",
      "spoked_by": "Dwight D. Eisenhower"
    }
  },
  {
    "model": "rebs.wisesaying",
    "pk": 38,
    "fields": {
      "saying_ko": "계산된 위험은 감수하라. 이는 단순히 무모한 것과는 완전히 다른 것이다.",
      "saying_en": "Take calculated risks. That is quite different from being rash.",
      "spoked_by": "George S. Patton"
    }
  },
  {
    "model": "rebs.wisesaying",
    "pk": 39,
    "fields": {
      "saying_ko": "기쁨은 사물 안에 있지 않다. 그것은 우리 안에 있다.",
      "saying_en": "Joy is not in things; it is in us.",
      "spoked_by": "Richard Wagner"
    }
  },
  {
    "model": "rebs.wisesaying",
    "pk": 40,
    "fields": {
      "saying_ko": "인생이란 당신이 다른 계획을 세우느라 바쁠 때 당신에게 일어나는 것이에요.",
      "saying_en": "Life is what happens to you while you're busy making other plans.",
      "spoked_by": "John Lennon"
    }
  },
  {
    "model": "rebs.wisesaying",
    "pk": 41,
    "fields": {
      "saying_ko": "개인은 천재다. 그러나 군중은 머리없는 괴수, 거대하고 야수같은 바보가 되어 시키는 대로 행동한다.",
      "saying_en": "Man as an individual is a genius. But men in the mass form the headless monster, a great, brutish idiot that goes where prodded.",
      "spoked_by": "Charlie Chaplin"
    }
  },
  {
    "model": "rebs.wisesaying",
    "pk": 42,
    "fields": {
      "saying_ko": "할 수 있는 자는 행한다. 할 수 없는 자는 가르친다",
      "saying_en": "He who can, does. He who cannot, teaches.",
      "spoked_by": "George Bernard Shaw"
    }
  },
  {
    "model": "rebs.wisesaying",
    "pk": 43,
    "fields": {
      "saying_ko": "내가 가진 감각들이 아니라, 그것으로 하는 무엇인가가 나의 세계다.",
      "saying_en": "Not the senses I have but what I do with them is my kingdom.",
      "spoked_by": "Helen Keller"
    }
  },
  {
    "model": "rebs.wisesaying",
    "pk": 44,
    "fields": {
      "saying_ko": "우연이 아닌 선택이 운명을 결정한다.",
      "saying_en": "It's choice - not chance - that determines your destiny.",
      "spoked_by": "Jean Nidetch"
    }
  },
  {
    "model": "rebs.wisesaying",
    "pk": 45,
    "fields": {
      "saying_ko": "인생에 있는 큰 비밀은 큰 비밀 따위는 없다는 것이다. 당신의 목표가 무엇이든 열심히 할 의지가 있다면 달성할 수 있다.",
      "saying_en": "The big secret in life is that there is no big secret. Whatever your goal, you can get there if you're willing to work.",
      "spoked_by": "Oprah Winfrey"
    }
  },
  {
    "model": "rebs.wisesaying",
    "pk": 46,
    "fields": {
      "saying_ko": "재능은 게임에서 이기게 한다. 그러나 팀워크는 우승을 가져온다.",
      "saying_en": "Talent wins games, but teamwork wins championships.",
      "spoked_by": "Michael Jordan"
    }
  },
  {
    "model": "rebs.wisesaying",
    "pk": 47,
    "fields": {
      "saying_ko": "인간의 감정은 누군가를 만날 때와 헤어질 때 가장 순수하며 가장 빛난다.",
      "saying_en": "Man's feelings are always purest and most glowing in the hour of meeting and of farewell.",
      "spoked_by": "Jean Paul Richter"
    }
  },
  {
    "model": "rebs.wisesaying",
    "pk": 48,
    "fields": {
      "saying_ko": "이른 아침은 입에 황금을 물고 있다.",
      "saying_en": "Early morning hath gold in its mouth.",
      "spoked_by": "Benjamin Franklin"
    }
  },
  {
    "model": "rebs.wisesaying",
    "pk": 49,
    "fields": {
      "saying_ko": "우리를 조금 크게 만드는데 걸리는 시간은 단 하루면 충분하다.",
      "saying_en": "A single day is enough to make us a little larger.",
      "spoked_by": "Paul Klee"
    }
  },
  {
    "model": "rebs.wisesaying",
    "pk": 50,
    "fields": {
      "saying_ko": "인간은 오직 사고(思考)의 산물일 뿐이다. 생각하는 대로 되는 법.",
      "saying_en": "A man is but the product of his thoughts. What he thinks, he becomes.",
      "spoked_by": "Mahatma Gandhi"
    }
  },
  {
    "model": "rebs.wisesaying",
    "pk": 51,
    "fields": {
      "saying_ko": "어떤 것이 당신이 계획대로 되지 않는 다고 해서 그것이 불필요한 것은 아니다.",
      "saying_en": "Just because something doesn't do what you planned it to do doesn't mean it's useless.",
      "spoked_by": "Thomas A. Edison"
    }
  },
  {
    "model": "rebs.wisesaying",
    "pk": 52,
    "fields": {
      "saying_ko": "이루어질 꿈도 이루어지지 않을 꿈만큼 불확실할 수 있다.",
      "saying_en": "Dreams that do come true can be as unsettling as those that don't.",
      "spoked_by": "Brett Butler"
    }
  },
  {
    "model": "rebs.wisesaying",
    "pk": 53,
    "fields": {
      "saying_ko": "앞서 가는 방법의 비밀은 시작하는 것이다. 시작하는 방법의 비밀은 복잡하고 과중한 작업을 할 수 있는 작은 업무로 나누어, 그 첫 번째 업무부터 시작하는 것이다.",
      "saying_en": "The secret of getting ahead is getting started. The secret of getting started is breaking your complex overwhelming tasks into small manageable tasks, and then starting on the first one.",
      "spoked_by": "Mark Twain"
    }
  },
  {
    "model": "rebs.wisesaying",
    "pk": 54,
    "fields": {
      "saying_ko": "이 세상에 위대한 사람은 없다. 단지 평범한 사람들이 일어나 맞서는 위대한 도전이 있을 뿐이다.",
      "saying_en": "There are no great people in this world, only great challenges which ordinary people rise to meet.",
      "spoked_by": "William Frederick Halsey, Jr."
    }
  },
  {
    "model": "rebs.wisesaying",
    "pk": 55,
    "fields": {
      "saying_ko": "자존이야말로 모든 미덕의 초석이다.",
      "saying_en": "Self-respect is the cornerstone of all virtue.",
      "spoked_by": "John Herschel"
    }
  },
  {
    "model": "rebs.wisesaying",
    "pk": 56,
    "fields": {
      "saying_ko": "그 투쟁에서 실패할 수도 있다는 개연성 때문에 정당하다고 믿는 대의를 지지하는 데서 물러 서서는 안된다.",
      "saying_en": "The probability that we may fail in the struggle ought not to deter us from the support of a cause we believe to be just.",
      "spoked_by": "Abraham Lincoln"
    }
  },
  {
    "model": "rebs.wisesaying",
    "pk": 57,
    "fields": {
      "saying_ko": "쉬운 일을 어려운 일처럼, 어려운 일을 쉬운 일처럼 대하라. 전자는 자신감이 잠들지 않게, 후자는 자신감을 잃지 않기 위함이다.",
      "saying_en": "Attempt easy tasks as if they were difficult, and difficult as if they were easy; in the one case that confidence may not fall asleep, in the other that it may not be dismayed.",
      "spoked_by": "Baltasar Gracian"
    }
  },
  {
    "model": "rebs.wisesaying",
    "pk": 58,
    "fields": {
      "saying_ko": "조금만 체력을 키울 기회가 생기면 인생의 평범한 경험들이 얼마나 상쾌해지는지 놀라울 따름이다.",
      "saying_en": "It is amazing how much crisper the general experience of life becomes when your body is given a chance to develop a little strength.",
      "spoked_by": "Frank Duff"
    }
  },
  {
    "model": "rebs.wisesaying",
    "pk": 59,
    "fields": {
      "saying_ko": "공포를 느껴라, 그리고 그래도 도전하라.",
      "saying_en": "Feel the fear and do it anyway.",
      "spoked_by": "Susan Jeffers"
    }
  },
  {
    "model": "rebs.wisesaying",
    "pk": 60,
    "fields": {
      "saying_ko": "인간의 천성은 비슷하나, 습관의 차이가 큰 차이를 만든다.",
      "saying_en": "Men's natures are alike, it is their habits that carry them far apart.",
      "spoked_by": "Confucius"
    }
  },
  {
    "model": "rebs.wisesaying",
    "pk": 61,
    "fields": {
      "saying_ko": "인생은 사람들 앞에서 바이올린을 켜면서 바이올린을 배우는 것과 같다.",
      "saying_en": "Life is like playing a violin in public and learning the instrument as one goes on.",
      "spoked_by": "Samuel Butler"
    }
  },
  {
    "model": "rebs.wisesaying",
    "pk": 62,
    "fields": {
      "saying_ko": "두려움 때문에 갖는 존경심만큼 비열한 것은 없다.",
      "saying_en": "Nothing is more despicable than respect based on fear.",
      "spoked_by": "Albert Camus(알베르 카뮈) [프랑스 작가, 1913-1960]"
    }
  },
  {
    "model": "rebs.wisesaying",
    "pk": 63,
    "fields": {
      "saying_ko": "사업의 비결은 다른 사람들은 아무도 모르고 있는 무엇인가를 아는 것이다.",
      "saying_en": "The secret of business is to know something that nobody else knows.",
      "spoked_by": "Aristotle Onassis (아리스토틀 오나시)[그리스 해운업자, 1906-1975]"
    }
  },
  {
    "model": "rebs.wisesaying",
    "pk": 64,
    "fields": {
      "saying_ko": "사람은 살려고 태어나는 것이지 인생을 준비하려고 태어나는 것은 아니다. 인생 그 자체, 인생의 현상, 인생이 가져다 주는 선물은 숨이 막히도록 진지하다!",
      "saying_en": "Man is born to live, not to prepare for life. Life itself, the phenomenon of life, the gift of life, is so breathtakingly serious!",
      "spoked_by": "Boris Pasternak(보리스 파스테르나크)[러시아 시인/소설가, 1890-1960]"
    }
  },
  {
    "model": "rebs.wisesaying",
    "pk": 65,
    "fields": {
      "saying_ko": "사람이 먼 일을 생각하지 않으면 바로 앞에 슬픔이 닥치는 법이다.",
      "saying_en": "If a man takes no thought about what is distant, he will find sorrow near at hand.",
      "spoked_by": "Confucius(공자)[중국 교육자, 551 B.C.-479 B.C.]"
    }
  },
  {
    "model": "rebs.wisesaying",
    "pk": 66,
    "fields": {
      "saying_ko": "승리하면 조금 배울 수 있고 패배하면 모든 것을 배울 수 있다.",
      "saying_en": "You can learn a little from victory; you can learn everything from defeat.",
      "spoked_by": "Christy Mathewson(크리스티 매튜슨)[미국 야구스타, 1880-1925]"
    }
  },
  {
    "model": "rebs.wisesaying",
    "pk": 67,
    "fields": {
      "saying_ko": "맹인들의 나라에서는 애꾸가 왕이다.",
      "saying_en": "In the country of the blind, the one-eyed man is king.",
      "spoked_by": "Desiderius Erasmus(데시데리우스 에라스무스)[네덜란드 인문주의자]"
    }
  },
  {
    "model": "rebs.wisesaying",
    "pk": 68,
    "fields": {
      "saying_ko": "기도를 함으로써 더 나은 사람이 되는 이의 기도는 응답을 받는다.",
      "saying_en": "He who rises from prayer a better man, his prayer is answered.",
      "spoked_by": "George Meredith(조지 메리디스)[영국 시인/소설가, 1828-1909]"
    }
  },
  {
    "model": "rebs.wisesaying",
    "pk": 69,
    "fields": {
      "saying_ko": "재물을 스스로 만들지 않는 사람에게는 쓸 권리가 없듯이 행복도 스스로 만들지 않는 사람에게는 누릴 권리가 없다.",
      "saying_en": "We have no more right to consume happiness without producing it than to consume wealth without producing it.",
      "spoked_by": "George Bernard Shaw(조지 버나드 쇼)"
    }
  },
  {
    "model": "rebs.wisesaying",
    "pk": 70,
    "fields": {
      "saying_ko": "힘 있을 때 친구는 친구가 아니다.",
      "saying_en": "A friend in power is a friend lost.",
      "spoked_by": "Henry Adams(헨리 애덤스)[美작가/역사가, 1838-1915]"
    }
  },
  {
    "model": "rebs.wisesaying",
    "pk": 71,
    "fields": {
      "saying_ko": "모든 세대는 지난 유행을 비웃는다 그러나 새 유행은 종교처럼 따른다.",
      "saying_en": "Every generation laughs at the old fashions but religiously follows the new.",
      "spoked_by": "Henry David Thoreau(헨리 데이빗 소로)[미국 사상가, 1817-1862]"
    }
  },
  {
    "model": "rebs.wisesaying",
    "pk": 72,
    "fields": {
      "saying_ko": "가장 하기 힘든 일은 아무 일도 안하는 것이다.",
      "saying_en": "The hardest work is to go idle.",
      "spoked_by": "Jewish proverb(유대인 격언)"
    }
  },
  {
    "model": "rebs.wisesaying",
    "pk": 73,
    "fields": {
      "saying_ko": "당신이 자신은 2위로 만족한다고 일단 말하면, 당신의 인생은 그렇게 되기 마련이라는 것을 나는 깨달았다.",
      "saying_en": "Once you say you're going to settle for second, that's what happens to you in life, I find.",
      "spoked_by": "John F. Kennedy(존 F. 케네디)[미국 대통령, 1917-63]"
    }
  },
  {
    "model": "rebs.wisesaying",
    "pk": 74,
    "fields": {
      "saying_ko": "당신에게 열정이 없다면, 에너지가 없다는 것이다. 당신에게 에너지가 없다면 아무것도 없는 것이다.",
      "saying_en": "If you don't have passion, you have no energy. If you don't have no energy, you have nothing.",
      "spoked_by": "Donald J. Trump"
    }
  },
  {
    "model": "rebs.wisesaying",
    "pk": 75,
    "fields": {
      "saying_ko": "이루기에 너무 큰 꿈도, 너무 위대한 꿈도 없다!",
      "saying_en": "No dream is too big, no challenge is too great!",
      "spoked_by": "Donald J. Trump"
    }
  },
  {
    "model": "rebs.wisesaying",
    "pk": 76,
    "fields": {
      "saying_ko": "처음에는 꼭 필요한 일부터 시작하고, 그 다음에 가능한 일을 하다보면, 어느 순간 불가능한 일도 하게 된다.",
      "saying_en": "Start by doing what's necessary; then do what's possible; and suddenly you are doing the impossible.",
      "spoked_by": "아시시의 프란치스코"
    }
  },
  {
    "model": "rebs.wisesaying",
    "pk": 77,
    "fields": {
      "saying_ko": "변명은 우리의 꿈을 부숴버리는 바윗돌이다.",
      "saying_en": "Excuses are the rocks where our dreams are crushed.",
      "spoked_by": "팀 파고"
    }
  },
  {
    "model": "rebs.wisesaying",
    "pk": 78,
    "fields": {
      "saying_ko": "사랑과 능력이 함께 할 때 걸작이 탄생한다.",
      "saying_en": "When love and skill work together, expect a masterpiece.  - John Ruskin",
      "spoked_by": "존 러스킨"
    }
  },
  {
    "model": "rebs.wisesaying",
    "pk": 79,
    "fields": {
      "saying_ko": "당신이 모든 가능성을 다 써 보았다고 느낄 때, 이것을 기억하라: 그래도 아직 시도해 보지 못한 가능성이 남아 있다는 것을…",
      "saying_en": "When you have exhausted all possibilities, remember this: you haven't.",
      "spoked_by": "토머스 에디슨"
    }
  }
]
